,ridge_without_lags,ridge_with_lags,lasso_without_lags,lasso_with_lags,elastic_net_without_lags,elastic_net_with_lags,rf_without_lags,rf_with_lags,knn_without_lags,knn_with_lags,xgb_without_lags,xgb_with_lags,lgbm_without_lags,lgbm_with_lags
0,0.21491344719944772,0.08537735094202377,0.18934393711503952,0.08339356560450162,0.19251348952258202,0.08524092009316524,0.16990008065205137,0.10465168539325886,0.04280417855310355,0.0,0.16813063621520996,0.10025094449520111,0.006315953736839082,0.0
1,0.1946386779870569,0.07997019142121474,0.15920494661771084,0.08339356560450162,0.16828997095237255,0.08524092009316524,0.13935522138601514,0.10465168539325886,0.05627369520372015,0.0,0.16813063621520996,0.10025094449520111,0.0,0.0
2,0.19762207887973002,0.101352906093122,0.16247263112057186,0.08339356560450162,0.17086701807105334,0.08524092009316524,0.14099986846055987,0.10465168539325886,0.0374583227513493,0.0,0.16813063621520996,0.10025094449520111,0.0,0.04365286668490052
3,0.20181336579349934,0.09032701854389609,0.17067999184055987,0.08339356560450162,0.17755288007243242,0.08524092009316524,0.1441865409171542,0.10465168539325886,0.038962114340602275,0.0,0.16813063621520996,0.10025094449520111,0.054733109137491506,0.0
4,0.2051641134657842,0.08884253827923472,0.1754499490073925,0.08339356560450162,0.18137951522244927,0.08524092009316524,0.14547521103420794,0.10465168539325886,0.03202213716998807,0.0,0.16813063621520996,0.10025094449520111,0.02668340500509908,0.0
5,0.21099058868266218,0.09766094606986231,0.18021990617422515,0.08339356560450162,0.18520615037246616,0.08524092009316524,0.15237723578155504,0.10465168539325886,0.05313920969544907,0.04631575906081659,0.16813063621520996,0.10025094449520111,0.022349532366020747,0.0
6,0.21208560179701402,0.08356291202987857,0.1858895294562046,0.08339356560450162,0.18978112637740746,0.08524092009316524,0.17225181405669732,0.10465168539325886,0.05127532860690658,0.0,0.16813063621520996,0.10025094449520111,0.11592370390692881,0.0
7,0.21565634245595902,0.08495286321623303,0.19155915273818408,0.08339356560450162,0.19435610238234877,0.08524092009316524,0.17139843578034167,0.10465168539325886,0.053492149453513445,0.0,0.16813063621520996,0.10025094449520111,0.09508478995972093,0.0
8,0.19844879136550225,0.09328186534149989,0.1638390758523351,0.08339356560450162,0.17214463233717198,0.08524092009316524,0.1366193662507407,0.10465168539325886,0.08630049795795805,0.05429593229772936,0.16813063621520996,0.10025094449520111,0.0,0.017261420906167654
9,0.19955418150752674,0.0845459610471008,0.16955113621521772,0.08339356560450162,0.17675490743904365,0.08524092009316524,0.1361756250714796,0.10465168539325886,0.08366043223958944,0.0,0.16813063621520996,0.10025094449520111,0.0,0.017261420906167654
10,0.20033972793913313,0.08153224634426429,0.16383064698279107,0.08339356560450162,0.17185560582786624,0.08524092009316524,0.1441865409171542,0.10465168539325886,0.07660629758040835,0.0,0.16813063621520996,0.10025094449520111,0.054733109137491506,0.04365286668490052
11,0.20110690770510894,0.07703323074045601,0.16434840864312783,0.08339356560450162,0.17214527146545727,0.08524092009316524,0.1388457492195759,0.10465168539325886,0.0394809922533947,0.0,0.16813063621520996,0.10025094449520111,0.034146416299710505,0.04232047090930731
12,0.20407162994797132,0.07669204586501849,0.16753970640036317,0.08339356560450162,0.17465878020966336,0.08524092009316524,0.14643865005296897,0.10465168539325886,0.03613352658965772,0.0,0.16813063621520996,0.10025094449520111,0.02981254366063216,0.0
13,0.20741822680918712,0.07708673570388741,0.17229268873483455,0.08339356560450162,0.17847129572090809,0.08524092009316524,0.16842661762533226,0.10465168539325886,0.03185378114171744,0.0,0.16813063621520996,0.10025094449520111,0.12338671520154018,0.0
14,0.21076482367040292,0.07748142554275632,0.17704567106930594,0.08339356560450162,0.18228381123215281,0.08524092009316524,0.16842661762533226,0.10465168539325886,0.020973669797684887,0.0,0.16813063621520996,0.10025094449520111,0.12338671520154018,0.0
15,0.18954838169157806,0.07257063480693622,0.14840895323594885,0.08339356560450162,0.15930988069327942,0.08524092009316524,0.13554921668221526,0.10465168539325886,0.03952750311418587,0.0,0.16813063621520996,0.10025094449520111,0.019775475107134066,0.0
16,0.19183429776447222,0.06668899477596918,0.15513950354050712,0.08339356560450162,0.16476733412148065,0.08524092009316524,0.13554921668221526,0.10465168539325886,0.03614342815461078,0.0,0.16813063621520996,0.10025094449520111,0.019775475107134066,0.0
17,0.1987231990870646,0.06436123811059825,0.1627103080469478,0.08339356560450162,0.17092370966890374,0.08524092009316524,0.13740893095437404,0.10465168539325886,0.0317049592254407,0.0,0.16813063621520996,0.10025094449520111,0.062196120432103014,0.0
18,0.1986042814916814,0.06351719151630027,0.1649595026081332,0.08339356560450162,0.172653578461255,0.08524092009316524,0.1388457492195759,0.10465168539325886,0.01154193284116424,0.0,0.16813063621520996,0.10025094449520111,0.034146416299710505,0.0
19,0.20439114247543863,0.06818711199412414,0.16802348912265913,0.08339356560450162,0.1750611899146699,0.08524092009316524,0.14634590687232052,0.10465168539325886,0.010567076646332774,0.0,0.16813063621520996,0.10025094449520111,0.015782138778839883,0.0
20,0.20748661526697634,0.069325558510929,0.1717494940992742,0.08339356560450162,0.178019467280199,0.08524092009316524,0.16689687579872145,0.10465168539325886,0.010709335127678098,0.0,0.16813063621520996,0.10025094449520111,0.09575981250403201,0.0
21,0.21058208805851408,0.07046400502773385,0.17547549907588927,0.08339356560450162,0.18097774464572808,0.08524092009316524,0.16620556211525636,0.10465168539325886,0.010797093489173846,0.0,0.16813063621520996,0.10025094449520111,0.0330871458853402,0.0
22,0.1904235415560569,0.06823861442816215,0.1458118038846759,0.08339356560450162,0.15714957596113907,0.08524092009316524,0.13316290073859993,0.10465168539325886,0.01925244132751726,0.0,0.16813063621520996,0.10025094449520111,0.0,0.0
23,0.19361863381325206,0.0690820169735544,0.14994520483796125,0.08339356560450162,0.1604467246572,0.08524092009316524,0.132434526020185,0.10465168539325886,0.0,0.0,0.16813063621520996,0.10025094449520111,0.0,0.0
24,0.19820217237304744,0.06581324416738349,0.15975668721608843,0.08339356560450162,0.1684668925225481,0.08524092009316524,0.13494192289782378,0.10465168539325886,0.0,0.0,0.16813063621520996,0.10025094449520111,0.024272137015036405,0.0
25,0.20162140842797177,0.07138566126970418,0.16480672911688188,0.08339356560450162,0.1725265017123056,0.08524092009316524,0.13548139295700443,0.10465168539325886,0.01033642735692257,0.0,0.16813063621520996,0.10025094449520111,0.0,0.0
26,0.20433085579008703,0.06827453968312609,0.16695407468389967,0.08339356560450162,0.1741716526720239,0.08524092009316524,0.1450429523578785,0.10465168539325886,0.021638185901511953,0.0,0.16813063621520996,0.10025094449520111,0.0,0.0
27,0.20764009535168126,0.06877987101127474,0.17155428352711968,0.08339356560450162,0.17785709143431916,0.08524092009316524,0.16714656744481562,0.10465168539325886,0.02166424441991391,0.0,0.16813063621520996,0.10025094449520111,0.08345780241150724,0.0
28,0.21094933491327555,0.06928520233942338,0.17615449237033973,0.08339356560450162,0.18154253019661445,0.08524092009316524,0.16702696680266832,0.10465168539325886,0.04295037360704108,0.0,0.16813063621520996,0.10025094449520111,0.06531552326200359,0.0
29,0.19100455518087495,0.06642669655119546,0.14736500104573128,0.08339356560450162,0.15844152290879163,0.08524092009316524,0.1389576761109838,0.10465168539325886,0.010677577412467448,0.0,0.16813063621520996,0.10025094449520111,0.008731345013142804,0.0
30,0.1942992669037275,0.06697505512517511,0.1519057979756869,0.08339356560450162,0.16207754293538434,0.08524092009316524,0.13907637523216898,0.10465168539325886,0.0,0.0,0.16813063621520996,0.10025094449520111,0.0,0.0
31,0.2068366492520583,0.0693148994643307,0.20244371964726715,0.08339356560450162,0.20830089535919322,0.08524092009316524,0.14122926775166217,0.10465168539325886,0.06745672070704888,0.15824079188031975,0.16813063621520996,0.10025094449520111,0.0,0.0
32,0.2069979114038366,0.06764104170043475,0.20583871539283766,0.08339356560450162,0.21098383976866522,0.08524092009316524,0.1441625849432607,0.10465168539325886,0.0808428002930803,0.14578181201214965,0.16813063621520996,0.10025094449520111,0.0,0.0
33,0.21318325025022347,0.06926390968788679,0.2105322858140446,0.08339356560450162,0.21474693654420737,0.08524092009316524,0.15237723578155504,0.10465168539325886,0.08292155562712111,0.162362960931029,0.16813063621520996,0.10025094449520111,0.022349532366020747,0.0
34,0.21640791703628565,0.07001972105426593,0.21478663244790394,0.08339356560450162,0.21814468766651993,0.08524092009316524,0.17225181405669732,0.10465168539325886,0.10832661675278384,0.1684696876373117,0.16813063621520996,0.10025094449520111,0.11592370390692881,0.0
35,0.19960323131441515,0.06816750667064762,0.18990562554779414,0.08339356560450162,0.1981537438610269,0.08524092009316524,0.14231249455150707,0.10465168539325886,0.117530504185894,0.14107719543917063,0.16813063621520996,0.10025094449520111,0.012312463812522635,0.0
36,0.1941269083195113,0.0655275306772948,0.15037806306317342,0.08339356560450162,0.16080677544589006,0.08524092009316524,0.14231249455150707,0.10465168539325886,0.07635529549135901,0.0,0.16813063621520996,0.10025094449520111,0.012312463812522635,0.0
37,0.1967367362159691,0.0681043165547361,0.15211801265352096,0.08339356560450162,0.16211305507507653,0.08524092009316524,0.1441865409171542,0.10465168539325886,0.06719571143941548,0.0,0.16813063621520996,0.10025094449520111,0.054733109137491506,0.0
38,0.20021823443692932,0.06809946768231712,0.15742267703973334,0.08339356560450162,0.16638445884641642,0.08524092009316524,0.14547521103420794,0.10465168539325886,0.06659578163057425,0.0,0.16813063621520996,0.10025094449520111,0.02668340500509908,0.0
39,0.20360011319223215,0.06838966278131076,0.16231994544927542,0.08339356560450162,0.17031699128722447,0.08524092009316524,0.15237723578155504,0.10465168539325886,0.06556974849576734,0.0,0.16813063621520996,0.10025094449520111,0.022349532366020747,0.0
40,0.21586821167245773,0.07152704785569103,0.21175662487141883,0.08339356560450162,0.21562433214568952,0.08524092009316524,0.17225181405669732,0.10465168539325886,0.11877055149923078,0.16231697765130826,0.16813063621520996,0.10025094449520111,0.11592370390692881,0.0
41,0.15203480729696536,0.10849401107970673,0.018274106797149192,0.08339356560450162,0.04348078183425705,0.08524092009316524,0.21745491415863433,0.10465168539325886,0.151866425477109,0.050447782858561156,0.16813063621520996,0.10025094449520111,0.4248465040523549,0.3086341230010824
42,0.15403440050128012,0.10713814961473023,0.023928877100812568,0.08339356560450162,0.048043403155272724,0.08524092009316524,0.21745491415863433,0.10465168539325886,0.13870085935005075,0.0,0.16813063621520996,0.10025094449520111,0.4248465040523549,0.3086341230010824
43,0.156824788679242,0.11599885601779114,0.026407231898874978,0.08339356560450162,0.049963887071048124,0.08524092009316524,0.2196133916673948,0.10465168539325886,0.1651601910326689,0.0,0.16813063621520996,0.10025094449520111,0.4495950799512137,0.3086341230010824
44,0.15985799930474384,0.11732170501672888,0.02987861439007114,0.08339356560450162,0.052710369854994804,0.08524092009316524,0.22105020993259675,0.10465168539325886,0.15202132915161026,0.0,0.16813063621520996,0.10025094449520111,0.4215453758188211,0.3086341230010824
45,0.16307799642835336,0.14127900825132614,0.03411386433752406,0.10614720839655745,0.05609223638368868,0.10603724681985127,0.22838271199292953,0.10465168539325886,0.1516487401791776,0.0,0.16813063621520996,0.10025094449520111,0.41721150317974287,0.3086341230010824
46,0.1668500514241477,0.1704199638681502,0.040606766989024684,0.12890085118861327,0.06135201486907968,0.12683357354653732,0.24738710332116923,0.10465168539325886,0.15035413506911058,0.0,0.16813063621520996,0.10025094449520111,0.5053191966688595,0.3086341230010824
47,0.17062210641994205,0.17637325780291607,0.04709966964052531,0.12890085118861327,0.0666117933544707,0.12683357354653732,0.24738710332116923,0.10465168539325886,0.14899159443907656,0.0,0.16813063621520996,0.10025094449520111,0.5053191966688595,0.3086341230010824
48,0.1511401421217415,0.1797561455452711,0.02020287212419747,0.12890085118861327,0.04508512578974361,0.12683357354653732,0.21736217097798585,0.10465168539325886,0.16359368084383044,0.12165057617320062,0.16813063621520996,0.10025094449520111,0.4108160991705626,0.2998773590724473
49,0.15519445227023188,0.19442376779548287,0.02785006337626386,0.1516544939806691,0.05130503971164144,0.14762990027322334,0.21551156049017367,0.10465168539325886,0.17673537022735603,0.04800116936184166,0.16813063621520996,0.10025094449520111,0.3972196013548467,0.2728757170048796
50,0.1576922082678251,0.2565517460285239,0.029131692492857353,0.19716177956478081,0.05223008909397964,0.18922255372659547,0.21697872431546902,0.10465168539325886,0.1528290185672737,0.0,0.16813063621520996,0.10025094449520111,0.35929551063501375,0.2728757170048796
51,0.1605324061786157,0.2584462427220735,0.0318137452792549,0.19716177956478081,0.05432000867502096,0.18922255372659547,0.21852666393379624,0.10465168539325886,0.19247717618687668,0.0,0.16813063621520996,0.10025094449520111,0.36065170172748323,0.2728757170048796
52,0.1642878579301338,0.22841710444637248,0.03823874860131046,0.17440813677272496,0.059523308605323316,0.1684262269999094,0.2256351939375293,0.10465168539325886,0.19210685922418252,0.05771150233917338,0.16813063621520996,0.10025094449520111,0.3532780403613215,0.2728757170048796
53,0.16762459661506057,0.20713140635228078,0.04295141570892386,0.1516544939806691,0.06330228997448414,0.14762990027322334,0.24528726787124908,0.10465168539325886,0.16465379528359392,0.291837028673671,0.16813063621520996,0.10025094449520111,0.4462689596237069,0.2728757170048796
54,0.17096133529998736,0.1979675128398237,0.04766408281653725,0.1516544939806691,0.067081271343645,0.14762990027322334,0.2443268696465457,0.10465168539325886,0.16313075579889807,0.0,0.16813063621520996,0.10025094449520111,0.4363033373858455,0.2728757170048796
55,0.15104405469091925,0.2318525997516552,0.01898704975632215,0.17440813677272496,0.04407380666268773,0.1684262269999094,0.21610665351507624,0.10465168539325886,0.15304604899554133,0.10846957048986615,0.16813063621520996,0.10025094449520111,0.3560896165246461,0.2728757170048796
56,0.15438079337584604,0.19545144952052707,0.023699716863935544,0.1516544939806691,0.04785278803184856,0.14762990027322334,0.21855214364137618,0.10465168539325886,0.1547691798817571,0.0,0.16813063621520996,0.10025094449520111,0.3740208345029684,0.2728757170048796
57,0.1585596278564082,0.16114387234932284,0.031856153086839756,0.12890085118861327,0.05449629111691118,0.12683357354653732,0.2202995666689049,0.10465168539325886,0.128970962185356,0.2111360784721691,0.16813063621520996,0.10025094449520111,0.3859490442679911,0.2728757170048796
58,0.16174226768039618,0.16045312463658615,0.035938629543041306,0.12890085118861327,0.05775108089665559,0.12683357354653732,0.22511546443762356,0.10465168539325886,0.16890510745862045,0.30463294263002055,0.16813063621520996,0.10025094449520111,0.40492640198114377,0.2728757170048796
59,0.1645077509919437,0.1628243136385028,0.03831513534693615,0.12890085118861327,0.05958684697979805,0.12683357354653732,0.23269103618229506,0.10465168539325886,0.16935124214511993,0.0,0.16813063621520996,0.10025094449520111,0.2945658979713557,0.2728757170048796
60,0.16776718082070924,0.16966346136893024,0.04271164620182105,0.12890085118861327,0.06310285007682742,0.12683357354653732,0.24986088436715995,0.10465168539325886,0.15545188542006796,0.10351790284997067,0.16813063621520996,0.10025094449520111,0.3968627330599333,0.2728757170048796
61,0.1710266106494748,0.16989986773624438,0.04710815705670593,0.12890085118861327,0.06661885317385677,0.12683357354653732,0.25107250442973034,0.10465168539325886,0.1665022936204811,0.09324906148610529,0.16813063621520996,0.10025094449520111,0.46347790634665115,0.30912015536953347
62,0.15103202118424547,0.13731592511334698,0.018114967743762367,0.10614720839655745,0.04334841022076805,0.10603724681985127,0.22493966389335163,0.10465168539325886,0.11838530263428583,0.12181761010497913,0.16813063621520996,0.10025094449520111,0.4118086490140573,0.30912015536953347
63,0.15462559130407028,0.16226449396269355,0.02387795260372877,0.12890085118861327,0.048001044238956236,0.12683357354653732,0.22493966389335163,0.10465168539325886,0.13263513382291758,0.0,0.16813063621520996,0.10025094449520111,0.4118086490140573,0.30912015536953347
64,0.15812576817484125,0.16902301206943968,0.029259003735566808,0.12890085118861327,0.05233598638477083,0.12683357354653732,0.2271124734956004,0.10465168539325886,0.1593845735674687,0.058407196510608626,0.16813063621520996,0.10025094449520111,0.4365572249129161,0.30912015536953347
65,0.16079163202073138,0.16343291714989577,0.0312281135627914,0.12890085118861327,0.053832881137381466,0.12683357354653732,0.22840114361265418,0.10465168539325886,0.1864369197172629,0.0,0.16813063621520996,0.10025094449520111,0.4085075207805235,0.30912015536953347
66,0.16417973699263777,0.19568668316976554,0.03615084422087536,0.1516544939806691,0.057786593036347755,0.14762990027322334,0.23504276958694104,0.10465168539325886,0.1848717160913941,0.12297284126748682,0.16813063621520996,0.10025094449520111,0.40417364814144513,0.30912015536953347
67,0.16764463196932175,0.21068400516493996,0.04138760927764268,0.1516544939806691,0.062001518252599,0.14762990027322334,0.25193377161795977,0.10465168539325886,0.19619606663145198,0.32114041259722215,0.16813063621520996,0.10025094449520111,0.49228134163056203,0.30912015536953347
68,0.17110952694600573,0.1954794875652326,0.046624374334409996,0.1516544939806691,0.06621644346885025,0.14762990027322334,0.25193377161795977,0.10465168539325886,0.19453055796264726,0.0,0.16813063621520996,0.10025094449520111,0.49228134163056203,0.30912015536953347
69,0.15132040262869484,0.25191726505359124,0.018471439223348846,0.19716177956478081,0.0436449226349834,0.18922255372659547,0.22493966389335163,0.10465168539325886,0.13346995433241823,0.1783369800254584,0.16813063621520996,0.10025094449520111,0.4118086490140573,0.30912015536953347
70,0.15459643570173665,0.22277000429615512,0.022935849407678788,0.17440813677272496,0.04721740428710142,0.1684262269999094,0.22493966389335163,0.10465168539325886,0.16054598308429252,0.0,0.16813063621520996,0.10025094449520111,0.4118086490140573,0.30912015536953347
71,0.1556586338150992,0.1934814074568826,0.024777647992193924,0.1516544939806691,0.048608401748920865,0.14762990027322334,0.2196133916673948,0.10465168539325886,0.12716842597005362,0.0,0.16813063621520996,0.10025094449520111,0.4495950799512137,0.3086341230010824
72,0.15922729906850966,0.19480525695740905,0.030438783857992757,0.1516544939806691,0.05317631793447608,0.14762990027322334,0.22105020993259675,0.10465168539325886,0.11367883985533622,0.05198742639402474,0.16813063621520996,0.10025094449520111,0.4215453758188211,0.3086341230010824
73,0.1624161651091012,0.16407388849722007,0.03454672256273619,0.12890085118861327,0.05645228717237874,0.12683357354653732,0.22838271199292953,0.10465168539325886,0.11261256341162124,0.0,0.16813063621520996,0.10025094449520111,0.41721150317974287,0.3086341230010824
74,0.16593294522414842,0.17078323260873074,0.03999567302401927,0.12890085118861327,0.06084370787328197,0.12683357354653732,0.24738710332116923,0.10465168539325886,0.13718019593244876,0.0,0.16813063621520996,0.10025094449520111,0.5053191966688595,0.3086341230010824
75,0.16944972533919567,0.16280636101885826,0.0454446234853024,0.12890085118861327,0.06523512857418523,0.12683357354653732,0.24738710332116923,0.10465168539325886,0.13528612455477954,0.15136296405360447,0.16813063621520996,0.10025094449520111,0.5053191966688595,0.3086341230010824
76,0.14971248616024796,0.13614551860812923,0.01750387377875698,0.10614720839655745,0.04284010322497034,0.10603724681985127,0.21745491415863433,0.10465168539325886,0.15066714077229854,0.0,0.16813063621520996,0.10025094449520111,0.4248465040523549,0.3086341230010824
77,0.1535737835940271,0.1473375686175616,0.02436173532602473,0.10614720839655745,0.04840345394396278,0.10603724681985127,0.21745491415863433,0.10465168539325886,0.17732785561042264,0.0,0.16813063621520996,0.10025094449520111,0.4248465040523549,0.3086341230010824
78,0.15681245936744737,0.15655333540613586,0.028673372019103305,0.12890085118861327,0.05184885884713136,0.12683357354653732,0.2196133916673948,0.10465168539325886,0.16520560854136593,0.23116443430952366,0.16813063621520996,0.10025094449520111,0.4495950799512137,0.3086341230010824
79,0.15977718161030974,0.2499403465307481,0.03186466977633867,0.19716177956478081,0.05436236759133742,0.18922255372659547,0.22095746675194827,0.10465168539325886,0.16554487511699587,0.11304141146898425,0.16813063621520996,0.10025094449520111,0.4075149709370288,0.2998773590724473
80,0.16259870087128955,0.25227896388423254,0.03447033581711054,0.19716177956478081,0.05638874879790401,0.18922255372659547,0.2267157401111335,0.10465168539325886,0.20462654185456344,0.0,0.16813063621520996,0.10025094449520111,0.38958460048223464,0.2728757170048796
81,0.166132084230613,0.2588171152561876,0.03998718560783865,0.19716177956478081,0.06083664805389588,0.18922255372659547,0.2450288177559081,0.10465168539325886,0.15069648108384212,0.29354205349552187,0.16813063621520996,0.10025094449520111,0.4150196273526595,0.2728757170048796
82,0.16966546758993645,0.265797881790038,0.04550403539856676,0.19716177956478081,0.06528454730988775,0.18922255372659547,0.24536795998418395,0.10465168539325886,0.12393630320615785,0.3383528905225842,0.16813063621520996,0.10025094449520111,0.4444255225775215,0.2728757170048796
83,0.14994483165526504,0.24407614374798242,0.017631185021466433,0.19716177956478081,0.04294600051576153,0.18922255372659547,0.21420299344141894,0.10465168539325886,0.17771315548464736,0.0,0.16813063621520996,0.10025094449520111,0.3609130412339335,0.2169015623912504
84,0.15313992391246017,0.30375001426584025,0.021764585974751782,0.24266906514889247,0.04624314921182243,0.2308152071799675,0.21485067604689898,0.10465168539325886,0.17987589643405758,0.0,0.16813063621520996,0.10025094449520111,0.36579626700720236,0.2169015623912504
85,0.15655293375078091,0.2739416587179043,0.026789165627003342,0.21991542235683662,0.050281578943421695,0.2100188804532815,0.2164756176379787,0.10465168539325886,0.16799650478107775,0.049483577266643056,0.16813063621520996,0.10025094449520111,0.38057922066819977,0.2169015623912504
86,0.1597168949249581,0.18346993011209717,0.030795255337579236,0.1516544939806691,0.05347283034869141,0.14762990027322334,0.21952140958765512,0.10465168539325886,0.19431295874446386,0.059043204346214635,0.16813063621520996,0.10025094449520111,0.35278848829111237,0.2169015623912504
87,0.163067642597243,0.16878507037888388,0.035565212504411886,0.1516544939806691,0.05729946549870829,0.14762990027322334,0.22934476345478597,0.10465168539325886,0.1551506586738779,0.09918152306542254,0.16813063621520996,0.10025094449520111,0.3663858336303563,0.2169015623912504
88,0.1663234404663231,0.16681297840249187,0.03994687038098066,0.1516544939806691,0.06080311391181201,0.14762990027322334,0.24644519991136193,0.10465168539325886,0.16717486735258644,0.0,0.16813063621520996,0.10025094449520111,0.4416731609856368,0.2169015623912504
89,0.24515745787642954,0.26969293769813873,0.2620188993108804,0.20633148661155176,0.25824404909455034,0.20220134368103013,0.31764233931422675,0.2812110062677107,0.4817499800928201,0.5001857051687202,0.18117716908454895,0.14638206362724304,0.6030651469922326,0.4545082963988319
90,0.21789537046518598,0.22843336025940947,0.20433678528404708,0.1777646595429579,0.20879896981060028,0.1757935927993169,0.2744067590778049,0.2812110062677107,0.2676443795990416,0.6091470446166796,0.18117716908454895,0.14638206362724304,0.32388811332074885,0.3462484731161157
91,0.22261085017873727,0.15840196847076207,0.213950470955186,0.12063100540577015,0.2170398163579253,0.12297809103589039,0.27634721224757597,0.2812110062677107,0.2996703009857841,0.6070241159070227,0.18117716908454895,0.14638206362724304,0.35997690050750514,0.2976046860270439
92,0.22746370860623183,0.18782391214974073,0.22356415662632487,0.14919783247436402,0.2252806629052503,0.14938584191760362,0.29312077390306096,0.2812110062677107,0.3806560316928751,0.34638853403344966,0.18117716908454895,0.14638206362724304,0.6254099771723138,0.4134522468626602
93,0.2320039541379977,0.20460553281598426,0.23317784229746374,0.14919783247436402,0.2335215094525753,0.14938584191760362,0.2976527820532294,0.2812110062677107,0.4307121995653646,0.4636792575700382,0.18117716908454895,0.14638206362724304,0.5291106558721805,0.4148889255642724
94,0.23687635087147532,0.21136441723474733,0.24279152796860265,0.14919783247436402,0.2417623559999003,0.14938584191760362,0.30199440127706306,0.2812110062677107,0.4901538854182713,0.576128271880602,0.18117716908454895,0.14638206362724304,0.5612843173582239,0.4148889255642724
95,0.24162500500039366,0.2020901372626881,0.2524052136397415,0.14919783247436402,0.2500032025472253,0.14938584191760362,0.32089838212348876,0.2812110062677107,0.5052505656073111,0.6619678200083724,0.18117716908454895,0.14638206362724304,0.6400206786324533,0.4148889255642724
96,0.246373659129312,0.2334182510627218,0.2620188993108804,0.1777646595429579,0.25824404909455034,0.1757935927993169,0.32089838212348876,0.2812110062677107,0.450705856947505,0.6400298110600439,0.18117716908454895,0.14638206362724304,0.6400206786324533,0.49680101333201654
97,0.22358843402479994,0.22134733555337507,0.20433678528404708,0.1777646595429579,0.20879896981060028,0.1757935927993169,0.27921030515834777,0.2812110062677107,0.27811299833277897,0.269524564007974,0.18117716908454895,0.14638206362724304,0.42557213134249705,0.3885411900493003
98,0.22835092778712293,0.24026313841458458,0.213950470955186,0.1777646595429579,0.2170398163579253,0.1757935927993169,0.27921030515834777,0.2812110062677107,0.30728673682746627,0.26317555565442874,0.18117716908454895,0.14638206362724304,0.42557213134249705,0.3885411900493003
99,0.22202889967194134,0.18503455686804074,0.22356415662632487,0.14919783247436402,0.2252806629052503,0.14938584191760362,0.277178458435049,0.2812110062677107,0.2143446658347607,0.3347606200931618,0.18117716908454895,0.14638206362724304,0.35994112037723575,0.3377084619725778
100,0.2249142495627811,0.1902075935306901,0.23317784229746374,0.14919783247436402,0.2335215094525753,0.14938584191760362,0.28122672643102214,0.2812110062677107,0.23503896987993042,0.21995190484193491,0.18117716908454895,0.14638206362724304,0.33371470713580337,0.33914514067419005
101,0.2316540210147504,0.18329143872852047,0.24279152796860265,0.14919783247436402,0.2417623559999003,0.14938584191760362,0.284264827387405,0.2812110062677107,0.30613771694268155,0.2858804596148945,0.18117716908454895,0.14638206362724304,0.3346364201947207,0.34440699553838744
102,0.23641814296923866,0.21470757656141226,0.2524052136397415,0.1777646595429579,0.2500032025472253,0.1757935927993169,0.30627161146811593,0.2812110062677107,0.3364766466029597,0.3626524544666289,0.18117716908454895,0.14638206362724304,0.44147421274943066,0.4307509735844158
103,0.2411822649237269,0.21727298413587895,0.2620188993108804,0.1777646595429579,0.25824404909455034,0.1757935927993169,0.30627161146811593,0.2812110062677107,0.28286055545232014,0.3459219007900816,0.18117716908454895,0.14638206362724304,0.44147421274943066,0.4307509735844158
104,0.2139688197534203,0.2193561919139621,0.20433678528404708,0.1777646595429579,0.20879896981060028,0.1757935927993169,0.2641066794578056,0.2812110062677107,0.20990423669744884,0.3097337607273241,0.18117716908454895,0.14638206362724304,0.21541022220352124,0.33981644592538013
105,0.2188461010633937,0.20547992840581183,0.213950470955186,0.1777646595429579,0.2170398163579253,0.1757935927993169,0.2641066794578056,0.2812110062677107,0.2514522437447437,0.27966155711674007,0.18117716908454895,0.14638206362724304,0.21541022220352124,0.33981644592538013
106,0.2242948778233711,0.2668827360330688,0.22356415662632487,0.23489831368014563,0.2252806629052503,0.2286090945627434,0.277178458435049,0.2812110062677107,0.2834804035120631,0.1738871370006016,0.18117716908454895,0.14638206362724304,0.35994112037723575,0.3717143400805461
107,0.22931136956347364,0.2623988364983961,0.23317784229746374,0.23489831368014563,0.2335215094525753,0.2286090945627434,0.27501711739178086,0.2812110062677107,0.3102411930639425,0.33809005984299706,0.18117716908454895,0.14638206362724304,0.22284695378713051,0.3367431823672015
108,0.23423505435015676,0.3287148875426904,0.24279152796860265,0.29203196781733337,0.2417623559999003,0.2814245963261699,0.275819211627774,0.27884050504888125,0.3130668497567598,0.5517490173632595,0.18117716908454895,0.14638206362724304,0.20221674236215612,0.3367431823672015
109,0.2389959199203145,0.288617178025903,0.2524052136397415,0.2634651407487395,0.2500032025472253,0.2550168454444567,0.2976282963709963,0.27884050504888125,0.32428642603687147,0.3730863257964741,0.18117716908454895,0.14638206362724304,0.2779145597763393,0.3420050372313989
110,0.24375678549047225,0.2736409026297413,0.2620188993108804,0.23489831368014563,0.25824404909455034,0.2286090945627434,0.30151432577457193,0.27884050504888125,0.3112959577735483,0.3141401362852213,0.18117716908454895,0.14638206362724304,0.4536597544095466,0.3486556264749213
111,0.21654008393583513,0.25286410343128296,0.20433678528404708,0.23489831368014563,0.20879896981060028,0.2286090945627434,0.2497155532352336,0.2574936316587644,0.18442911321039945,0.3344426623447357,0.18117716908454895,0.14638206362724304,0.1335301683495212,0.30538874247032244
112,0.2214662110107661,0.3041949304268081,0.213950470955186,0.2634651407487395,0.2170398163579253,0.2550168454444567,0.24020097345158262,0.20501111072975786,0.21913451591417082,0.28221126129204627,0.18117716908454895,0.14638206362724304,0.06802539444199258,0.3126960311908487
113,0.22595028391283073,0.26652448965784226,0.22356415662632487,0.23489831368014563,0.2252806629052503,0.2286090945627434,0.272621948519718,0.2812110062677107,0.3262779750537621,0.2487688639963468,0.18117716908454895,0.14638206362724304,0.2866914114824313,0.3633975462723424
114,0.23071277767515372,0.289391062335999,0.23317784229746374,0.23489831368014563,0.2335215094525753,0.2286090945627434,0.2787290192304212,0.2812110062677107,0.3715475569355829,0.561647669152537,0.18117716908454895,0.14638206362724304,0.27570305576020576,0.3633975462723424
115,0.23545573313149368,0.21326751287694673,0.24279152796860265,0.1777646595429579,0.2417623559999003,0.1757935927993169,0.28621438278239636,0.2812110062677107,0.40472798593658915,0.616992103082167,0.18117716908454895,0.14638206362724304,0.30240641842721117,0.4209558544735649
116,0.24025323302536963,0.23818476140872596,0.2524052136397415,0.20633148661155176,0.2500032025472253,0.20220134368103013,0.309569121507102,0.2812110062677107,0.3963725221519611,0.5747481682236825,0.18117716908454895,0.14638206362724304,0.47780145760167053,0.4209558544735649
117,0.24505073291924556,0.2841046374164444,0.2620188993108804,0.23489831368014563,0.25824404909455034,0.2286090945627434,0.3098027879190747,0.27884050504888125,0.365213915831477,0.538676503026527,0.18117716908454895,0.14638206362724304,0.5715650568274536,0.4209558544735649
118,0.21787066568832666,0.3019577145628416,0.20433678528404708,0.2634651407487395,0.20879896981060028,0.2550168454444567,0.24860727321415996,0.23147993241251982,0.24293056279503697,0.4728533601369201,0.18117716908454895,0.14638206362724304,0.2561585670134441,0.3126960311908487
119,0.22281144649274495,0.30306059960396864,0.213950470955186,0.2634651407487395,0.2170398163579253,0.2550168454444567,0.24970636895562345,0.20411380513170493,0.25708321746574336,0.31912375813553984,0.18117716908454895,0.14638206362724304,0.22028729129325045,0.34740101057113326
120,0.22749822931938363,0.2987482606182664,0.22356415662632487,0.2634651407487395,0.2252806629052503,0.2550168454444567,0.2669362158649359,0.20501111072975786,0.32246426337930406,0.519983038072815,0.18117716908454895,0.14638206362724304,0.4857203679580589,0.3964588807268209
121,0.23232178028790365,0.30344902597764434,0.23317784229746374,0.29203196781733337,0.2335215094525753,0.2814245963261699,0.271489652027525,0.20411380513170493,0.3698266684105018,0.40977723279244394,0.18117716908454895,0.14638206362724304,0.38107709865117434,0.38201356303049605
122,0.2370012362497987,0.3482663169940078,0.24279152796860265,0.32059879488592724,0.2417623559999003,0.30783234720788316,0.27683324877025145,0.20557373275709195,0.41379535298208875,0.4211523024401694,0.18117716908454895,0.14638206362724304,0.4132507601372175,0.38201356303049605
123,0.24177675554944372,0.3218520374950705,0.2524052136397415,0.29203196781733337,0.2500032025472253,0.2814245963261699,0.29617888816418353,0.20457036822618813,0.407645520224401,0.4312233524875029,0.18117716908454895,0.14638206362724304,0.5089737983687097,0.38201356303049605
124,0.24655227484908876,0.3004659049846366,0.2620188993108804,0.2634651407487395,0.25824404909455034,0.2550168454444567,0.29617888816418353,0.20457036822618813,0.3774050114816027,0.5492778970548976,0.18117716908454895,0.14638206362724304,0.5089737983687097,0.38201356303049605
125,0.21935022702393892,0.24339114215393773,0.20433678528404708,0.23489831368014563,0.20879896981060028,0.2286090945627434,0.25256946186639534,0.20411380513170493,0.2406380226935328,0.3490341176823713,0.18117716908454895,0.14638206362724304,0.2858825221282425,0.35498874812403336
126,0.22377568500805442,0.22422087743698788,0.213950470955186,0.20633148661155176,0.2170398163579253,0.20220134368103013,0.2711540691397407,0.2812110062677107,0.26539743549942685,0.27721295058032774,0.18117716908454895,0.14638206362724304,0.3518022128801761,0.35498874812403336
127,0.22825731562187115,0.22002717023421575,0.22356415662632487,0.1777646595429579,0.2252806629052503,0.1757935927993169,0.2934636577237838,0.2812110062677107,0.3345103014103512,0.26620986001446384,0.18117716908454895,0.14638206362724304,0.6011571798784443,0.4632485714067496
128,0.23280733030662856,0.2024682661110277,0.23317784229746374,0.14919783247436402,0.2335215094525753,0.14938584191760362,0.29814146570452105,0.2812110062677107,0.39212964494889635,0.5021154158081416,0.18117716908454895,0.14638206362724304,0.5809808948062047,0.38399907885615686
129,0.2375014399980109,0.15885312592790224,0.24279152796860265,0.12063100540577015,0.2417623559999003,0.12297809103589039,0.30199440127706306,0.2812110062677107,0.40791331739544096,0.436935278710256,0.18117716908454895,0.14638206362724304,0.5612843173582239,0.38399907885615686
130,0.23393118582706807,0.15401247955137382,0.2524052136397415,0.12063100540577015,0.2500032025472253,0.12297809103589039,0.30277892755142305,0.2812110062677107,0.20603781053258868,0.45519925492283136,0.18117716908454895,0.14638206362724304,0.41222438486271334,0.3231004228845127
131,0.23982557856477338,0.16904990186522897,0.2620188993108804,0.12063100540577015,0.25824404909455034,0.12297809103589039,0.30277892755142305,0.2812110062677107,0.21829914834551908,0.4753325895597773,0.18117716908454895,0.14638206362724304,0.41222438486271334,0.3231004228845127
132,0.21262434483570616,0.16661289145318192,0.20433678528404708,0.12063100540577015,0.20879896981060028,0.12297809103589039,0.2604029739399151,0.2812110062677107,0.19699421374923898,0.3183738569896867,0.18117716908454895,0.14638206362724304,0.1922218718470001,0.2359910713880623
133,0.2171963401146945,0.19113176688006783,0.213950470955186,0.14919783247436402,0.2170398163579253,0.14938584191760362,0.2604029739399151,0.2812110062677107,0.20744732843174693,0.328003845926902,0.18117716908454895,0.14638206362724304,0.1922218718470001,0.2359910713880623
134,0.22191243040030775,0.2324995279758716,0.22356415662632487,0.1777646595429579,0.2252806629052503,0.1757935927993169,0.27347475291715856,0.2812110062677107,0.24245963947550955,0.4998940637777643,0.18117716908454895,0.14638206362724304,0.3367527700207147,0.444836193904833
135,0.2265308291560058,0.21860976969066953,0.23317784229746374,0.1777646595429579,0.2335215094525753,0.1757935927993169,0.27773404251432937,0.2812110062677107,0.278095762761546,0.4625669669136037,0.18117716908454895,0.14638206362724304,0.30446487924908605,0.43039087620850813
136,0.23114678562345597,0.2850516968070128,0.24279152796860265,0.23489831368014563,0.2417623559999003,0.2286090945627434,0.28077214347071205,0.2812110062677107,0.33148809990536604,0.44083869952588456,0.18117716908454895,0.14638206362724304,0.30538659230800336,0.444836193904833
137,0.23583356845009468,0.29162450169073995,0.2524052136397415,0.23489831368014563,0.2500032025472253,0.2286090945627434,0.30277892755142305,0.2812110062677107,0.3258576110933383,0.4310080305895241,0.18117716908454895,0.14638206362724304,0.41222438486271334,0.42911580345660405
138,0.24052035127673338,0.2845321751924579,0.2620188993108804,0.23489831368014563,0.25824404909455034,0.2286090945627434,0.3026261159103347,0.2812110062677107,0.29992593645603893,0.4756774884897475,0.18117716908454895,0.14638206362724304,0.3751265499763617,0.39940650060745686
139,0.21322956697857723,0.2650039978663469,0.20433678528404708,0.23489831368014563,0.20879896981060028,0.2286090945627434,0.26000323171936607,0.2812110062677107,0.18569108250640115,0.28846378962848296,0.18117716908454895,0.14638206362724304,0.09828047925949178,0.34938351266625217
140,0.2179041383639765,0.24759941284585774,0.213950470955186,0.20633148661155176,0.2170398163579253,0.20220134368103013,0.25944131507950685,0.2812110062677107,0.29304952289136466,0.3490795945155901,0.18117716908454895,0.14638206362724304,0.06714050411896497,0.34938351266625217
141,0.2221158219280189,0.20528679708209083,0.22356415662632487,0.1777646595429579,0.2252806629052503,0.1757935927993169,0.2748435539033315,0.2812110062677107,0.326885733810783,0.3600188949049602,0.18117716908454895,0.14638206362724304,0.38043840184560984,0.39940650060745686
142,0.22678271921747428,0.25389986973110396,0.23317784229746374,0.20633148661155176,0.2335215094525753,0.20220134368103013,0.2793050068870201,0.2812110062677107,0.3582789280554871,0.3695314486997192,0.18117716908454895,0.14638206362724304,0.2767951179153463,0.39414464574325947
143,0.23452919914758794,0.2109893723530632,0.24279152796860265,0.1777646595429579,0.2417623559999003,0.1757935927993169,0.28524797281545394,0.2812110062677107,0.3214797139830231,0.36223799213402097,0.18117716908454895,0.14638206362724304,0.29153772634966507,0.40145193446378574
144,0.23703104549307674,0.2208513989034517,0.2524052136397415,0.1777646595429579,0.2500032025472253,0.1757935927993169,0.30767587789676576,0.2812110062677107,0.37706292581911766,0.40593553632222507,0.18117716908454895,0.14638206362724304,0.39318214570484344,0.40145193446378574
145,0.2418185727099405,0.20848736224646394,0.2620188993108804,0.1777646595429579,0.25824404909455034,0.1757935927993169,0.3087661847121749,0.2812110062677107,0.3450394238030881,0.5952422557161267,0.18117716908454895,0.14638206362724304,0.40842020322405026,0.3870066167674609
146,0.21462853280200941,0.19819844546409338,0.20433678528404708,0.1777646595429579,0.20879896981060028,0.1757935927993169,0.26725514782146004,0.2812110062677107,0.21789196670737046,0.42772905878979106,0.18117716908454895,0.14638206362724304,0.20855339787584726,0.3363051016859672
147,0.219420334023307,0.20299086515585799,0.213950470955186,0.1777646595429579,0.2170398163579253,0.1757935927993169,0.267711711965206,0.2812110062677107,0.30848111539282247,0.21577941645082666,0.18117716908454895,0.14638206362724304,0.2493978841025511,0.3363051016859672
148,0.2246541894174709,0.18583680845364908,0.22356415662632487,0.1777646595429579,0.2252806629052503,0.1757935927993169,0.28467027246450494,0.2812110062677107,0.3263649639811105,0.3413443320153456,0.18117716908454895,0.14638206362724304,0.5074089052177595,0.4209558544735649
149,0.22946308665650364,0.16005180603532607,0.23317784229746374,0.14919783247436402,0.2335215094525753,0.14938584191760362,0.2902539629063701,0.2812110062677107,0.37739945054606866,0.2117719612933812,0.18117716908454895,0.14638206362724304,0.4390873862471293,0.32726104422664737
150,0.23220922611721423,0.13260226746290707,0.24279152796860265,0.12063100540577015,0.2417623559999003,0.12297809103589039,0.2961628503888937,0.2812110062677107,0.3850461401433126,0.15003948625681385,0.18117716908454895,0.14638206362724304,0.45547959598590493,0.3619660236069319
151,0.23918020085664954,0.1141804091596572,0.2524052136397415,0.12063100540577015,0.2500032025472253,0.12297809103589039,0.31791579350603005,0.2812110062677107,0.3833615543733821,0.04958122771864979,0.18117716908454895,0.14638206362724304,0.6240639853889957,0.369553761159832
152,0.2439931685760954,0.2741762184068172,0.2620188993108804,0.23489831368014563,0.25824404909455034,0.2286090945627434,0.31724576773616586,0.2812110062677107,0.36488135247746345,0.4989993361933276,0.18117716908454895,0.14638206362724304,0.546704920156886,0.44880325371042473
153,0.21682856917074642,0.24583925405628948,0.20433678528404708,0.23489831368014563,0.20879896981060028,0.2286090945627434,0.2703179079317215,0.2812110062677107,0.24378276371106933,0.2595084799848383,0.18117716908454895,0.14638206362724304,0.3413097516128856,0.3405434304277085
154,0.2215031405561457,0.25829719199774176,0.213950470955186,0.23489831368014563,0.2170398163579253,0.2286090945627434,0.2758353528211189,0.2812110062677107,0.2583150283550384,0.42655664528881154,0.18117716908454895,0.14638206362724304,0.39018808933114996,0.3405434304277085
155,0.2262558651654772,0.23327360169248473,0.22356415662632487,0.23489831368014563,0.2252806629052503,0.2286090945627434,0.29008870538655485,0.2812110062677107,0.3225098971803872,0.3143047377746997,0.18117716908454895,0.14638206362724304,0.5657731378670972,0.44880325371042473
156,0.23107208926925354,0.2817035918641417,0.23317784229746374,0.2634651407487395,0.2335215094525753,0.2550168454444567,0.2911401492325997,0.2812110062677107,0.3559222562882124,0.26458974653772893,0.18117716908454895,0.14638206362724304,0.5032099112136591,0.44880325371042473
157,0.2357393337899092,0.327393337612107,0.24279152796860265,0.29203196781733337,0.2417623559999003,0.2814245963261699,0.29883047054103173,0.2812110062677107,0.392445285318657,0.4243935317941228,0.18117716908454895,0.14638206362724304,0.5198387978166806,0.44880325371042473
158,0.24053113501120676,0.31919536350830985,0.2524052136397415,0.29203196781733337,0.2500032025472253,0.2814245963261699,0.3177344513874575,0.2812110062677107,0.3642413522319654,0.38585549430507043,0.18117716908454895,0.14638206362724304,0.59857515909091,0.4632485714067496
159,0.2453229362325043,0.16945027185316075,0.2620188993108804,0.1777646595429579,0.25824404909455034,0.1757935927993169,0.3158689009600374,0.2812110062677107,0.3183426665466148,0.415635853412634,0.18117716908454895,0.14638206362724304,0.5622496950399077,0.46851042627094697
160,0.21553683073003943,0.16184366119999374,0.20433678528404708,0.1777646595429579,0.20879896981060028,0.1757935927993169,0.2546058413139583,0.2812110062677107,0.1930182536400954,0.293966141760915,0.18117716908454895,0.14638206362724304,0.3816414412068803,0.41576037856275067
161,0.21613405746125636,0.1733159968112094,0.213950470955186,0.1777646595429579,0.2170398163579253,0.1757935927993169,0.234715983960732,0.21899970126621007,0.17395507188902576,0.20691462533104824,0.18117716908454895,0.14638206362724304,0.32546219571606305,0.41576037856275067
162,0.2208525900351175,0.1707812407304879,0.22356415662632487,0.1777646595429579,0.2252806629052503,0.1757935927993169,0.24778776293797553,0.23147993241251982,0.19354756911501844,0.40747017750744485,0.18117716908454895,0.14638206362724304,0.5073211307915544,0.46485317364785717
163,0.2261523872119742,0.16556269317027206,0.23317784229746374,0.1777646595429579,0.2335215094525753,0.1757935927993169,0.24728571483039205,0.20185499692532813,0.18986964948973453,0.41625681439351503,0.18117716908454895,0.14638206362724304,0.42524739011605805,0.47682457264687383
164,0.2307390362204498,0.14385721891632475,0.24279152796860265,0.14919783247436402,0.2417623559999003,0.14938584191760362,0.25412480760619094,0.20185499692532813,0.20166301298130923,0.23916193491829774,0.18117716908454895,0.14638206362724304,0.37272733391610324,0.3811717908189802
165,0.23547303661988084,0.17428481116662112,0.2524052136397415,0.14919783247436402,0.2500032025472253,0.14938584191760362,0.2780616571374637,0.20185499692532813,0.18465592647110723,0.36736174698107765,0.18117716908454895,0.14638206362724304,0.5332807557833542,0.3811717908189802
166,0.2402070370193119,0.1737333144982854,0.2620188993108804,0.14919783247436402,0.25824404909455034,0.14938584191760362,0.27856736292336143,0.20185499692532813,0.19343273997565835,0.47090713268273715,0.18117716908454895,0.14638206362724304,0.5332807557833542,0.3811717908189802
167,0.2129634702939481,0.23314470539481943,0.20433678528404708,0.20633148661155176,0.20879896981060028,0.20220134368103013,0.2340845936214503,0.20185499692532813,0.14350889721110088,0.3088987705247143,0.18117716908454895,0.14638206362724304,0.34379542482540204,0.40003998811452174
168,0.21786761677464817,0.28043204284651824,0.213950470955186,0.23489831368014563,0.2170398163579253,0.2286090945627434,0.23076364274632916,0.20185499692532813,0.15009224959924225,0.4225393411481954,0.18117716908454895,0.14638206362724304,0.3561833488535317,0.40393585977558827
169,0.22226865187628486,0.2746070292539852,0.22356415662632487,0.23489831368014563,0.2252806629052503,0.2286090945627434,0.2470996340256499,0.20501111072975786,0.20802228160652064,0.3701814762480586,0.18117716908454895,0.14638206362724304,0.3590650243450065,0.39547772082058175
170,0.22689193520847867,0.3050690020143109,0.23317784229746374,0.2634651407487395,0.2335215094525753,0.2550168454444567,0.25273918379020704,0.23293173509372508,0.2610348876961762,0.34337065629048974,0.18117716908454895,0.14638206362724304,0.32532999190022033,0.39547772082058175
171,0.22948176822132493,0.30808797135713023,0.24279152796860265,0.2634651407487395,0.2417623559999003,0.2550168454444567,0.26007781363961324,0.2354319636975054,0.25004671455029787,0.36631754171429304,0.18117716908454895,0.14638206362724304,0.495690341076138,0.39547772082058175
172,0.2494687417524834,0.33589486305487704,0.34466076891169634,0.2634651407487395,0.32734959412689124,0.2550168454444567,0.29848342402896616,0.2812110062677107,0.3568259552233774,0.3197890170970413,0.18117716908454895,0.14638206362724304,0.5538223196464334,0.4433231838982497
173,0.24260834771600417,0.3106648437030516,0.2620188993108804,0.2634651407487395,0.25824404909455034,0.2550168454444567,0.30083361661041685,0.2812110062677107,0.2928405122379148,0.39902027402985174,0.18117716908454895,0.14638206362724304,0.5326915032817221,0.450630472618776
174,0.21366882625498226,0.2880140476593883,0.20433678528404708,0.2634651407487395,0.20879896981060028,0.2550168454444567,0.25758350119980755,0.2812110062677107,0.17185569044304053,0.28104894172271994,0.18117716908454895,0.14638206362724304,0.33046375779589116,0.39074549470515485
175,0.2184752812057671,0.2537702407009307,0.213950470955186,0.23489831368014563,0.2170398163579253,0.2286090945627434,0.257160935839875,0.2812110062677107,0.19539196854119564,0.30572498505992507,0.18117716908454895,0.14638206362724304,0.32081023457104135,0.38548363984095746
176,0.22313031428518337,0.3073597350191462,0.22356415662632487,0.2634651407487395,0.2252806629052503,0.2550168454444567,0.27882985749507605,0.2812110062677107,0.2998703013027297,0.3799219878917352,0.18117716908454895,0.14638206362724304,0.5776628384774898,0.4937434631236737
177,0.22780488567058266,0.23298216095959162,0.23317784229746374,0.20633148661155176,0.2335215094525753,0.20220134368103013,0.28750306823903615,0.2812110062677107,0.34754463718222367,0.3078479582479026,0.18117716908454895,0.14638206362724304,0.591193082278789,0.4937434631236737
178,0.27461873609077736,0.312308023195123,0.2733425816976952,0.22094565230158508,0.27161408327560915,0.2149199211977453,0.4041866153168967,0.375648971113457,0.49000302815095303,0.3768976920599567,0.1925945281982422,0.20600765943527222,0.6695936566993832,0.4890335750730343
179,0.2795222610295577,0.3476364027676141,0.2802427525952161,0.22094565230158508,0.27740454876242554,0.2149199211977453,0.4156563841573987,0.375648971113457,0.5126863705770734,0.7383781192732347,0.1925945281982422,0.20600765943527222,0.7499505873196239,0.5961692251842889
180,0.28442578596833795,0.32803120375665196,0.287142923492737,0.22094565230158508,0.283195014249242,0.2149199211977453,0.4156563841573987,0.375648971113457,0.5326512830104141,0.5873814066386023,0.1925945281982422,0.20600765943527222,0.7310328669730842,0.5317816694965073
181,0.25585830251290054,0.38499540724068015,0.2457418981076116,0.21155321580695957,0.24845222132834338,0.21026084805918102,0.384931934632827,0.3752590113240445,0.3234006784633398,0.7058805412858095,0.1925945281982422,0.20600765943527222,0.5843889161303406,0.5953811343668468
182,0.2607748831749423,0.31507099792903953,0.2526420690051325,0.21155321580695957,0.2542426868151598,0.21026084805918102,0.3849921902627722,0.3752590113240445,0.32163765256025834,0.29017729600898967,0.1925945281982422,0.20600765943527222,0.5652847227393367,0.47523953853204026
183,0.26425950882174226,0.3423573341551148,0.2595422399026534,0.22094565230158508,0.26003315230197627,0.2149199211977453,0.3932706678961015,0.3752590113240445,0.3749487711489879,0.30694118885368743,0.1925945281982422,0.20600765943527222,0.6778636337577038,0.5546520784526386
184,0.2703258628439874,0.31267876090971514,0.2664424108001743,0.22094565230158508,0.2658236177887927,0.2149199211977453,0.3626758513129799,0.3368058313824318,0.48508745472549203,0.46240246590551126,0.1925945281982422,0.20600765943527222,0.6882765897445602,0.4394206598217507
185,0.2758431680016956,0.2973114994037743,0.2733425816976952,0.21624943405427233,0.27161408327560915,0.21259038462846316,0.4027154410032657,0.375648971113457,0.4364233642846965,0.4668742020338999,0.1925945281982422,0.20600765943527222,0.5765799386990537,0.539386315866549
186,0.2801948532267944,0.32029793559149966,0.2802427525952161,0.21624943405427233,0.27740454876242554,0.21259038462846316,0.41362489729750346,0.375648971113457,0.4666048514695581,0.6410163299237687,0.1925945281982422,0.20600765943527222,0.5891990837604897,0.6037738715543306
187,0.2850849515410841,0.3073208735882762,0.287142923492737,0.21624943405427233,0.283195014249242,0.21259038462846316,0.41362489729750346,0.375648971113457,0.45241951708168676,0.5359971292382261,0.1925945281982422,0.20600765943527222,0.5891990837604897,0.5681025497462279
188,0.25650404146115613,0.3242467030046018,0.2457418981076116,0.21624943405427233,0.24845222132834338,0.21259038462846316,0.38132769524189153,0.3752590113240445,0.3086418838743327,0.27546322938223594,0.1925945281982422,0.20600765943527222,0.4626668387889438,0.5371895119145726
189,0.2613941397754459,0.286505160192964,0.2526420690051325,0.21624943405427233,0.2542426868151598,0.21259038462846316,0.38132769524189153,0.3752590113240445,0.32957115653446284,0.46064561086682715,0.1925945281982422,0.20600765943527222,0.4626668387889438,0.3983636725797093
190,0.26616384355079575,0.28487190059955514,0.2595422399026534,0.2068569975596468,0.26003315230197627,0.2079313114898989,0.35344849767675873,0.28568443297149854,0.3742542727560005,0.49978355168337796,0.1925945281982422,0.20600765943527222,0.6465496219979837,0.5267048030779777
191,0.26537125309241394,0.2460652254076423,0.2634140872791538,0.2068569975596468,0.26345687249141114,0.2079313114898989,0.20541729566651293,0.14952585398726817,0.36677826136267033,0.39380855330375664,0.1925945281982422,0.20600765943527222,0.23186841883770024,0.11727024489172905
192,0.2702032682742392,0.26113038475598,0.2703142581766747,0.21155321580695957,0.2692473379782276,0.21026084805918102,0.19564832556583275,0.1724886042091679,0.36927631435621533,0.3843272694896983,0.1925945281982422,0.20600765943527222,0.0467909709296182,0.12605213927173892
193,0.2750839456973118,0.28730463084538055,0.2772144290741956,0.21155321580695957,0.27503780346504403,0.21026084805918102,0.22834100649144834,0.1724886042091679,0.3647395160792865,0.6387603267552074,0.1925945281982422,0.20600765943527222,0.19914003714339534,0.24361272713398183
194,0.27996462312038445,0.24093509611107827,0.2841145999717165,0.21155321580695957,0.28082826895186047,0.21026084805918102,0.22834100649144834,0.1724886042091679,0.2956203227343395,0.3538658687530676,0.1925945281982422,0.20600765943527222,0.19914003714339534,0.0671602372670058
195,0.2513742921492394,0.2701086001259242,0.2427135745865911,0.21624943405427233,0.24608547603096184,0.21259038462846316,0.18285924016394875,0.1720986444197553,0.24735006008459356,0.30953914578512515,0.1925945281982422,0.20600765943527222,0.07949574514509088,0.05252297900550891
196,0.2563282596551664,0.29859653812803855,0.249613745484112,0.21624943405427233,0.25187594151777826,0.21259038462846316,0.19897834516816845,0.1997398988498369,0.28717350762256844,0.36607572929878035,0.1925945281982422,0.20600765943527222,0.20373867593878575,0.2349422557498433
197,0.2610098372985011,0.23236839529026201,0.2565139163816329,0.21155321580695957,0.2576664070045947,0.21026084805918102,0.18383866686515818,0.1720986444197553,0.3165919958348739,0.28706601064959214,0.1925945281982422,0.20600765943527222,0.2200820283328868,0.0
198,0.265888140953708,0.25041861936408166,0.2634140872791538,0.21624943405427233,0.26345687249141114,0.21259038462846316,0.18406382838166538,0.1724886042091679,0.31260779119083576,0.19562416636714958,0.1925945281982422,0.20600765943527222,0.07905212542117725,0.011509218696971682
199,0.2707895888456058,0.3086282045739827,0.2703142581766747,0.21155321580695957,0.2692473379782276,0.21026084805918102,0.19051462356874255,0.1724886042091679,0.37565346821526524,0.7510241034611868,0.1925945281982422,0.20600765943527222,0.006623468659374788,0.2005885453763446
200,0.27568688264373853,0.2346889773814867,0.2772144290741956,0.21155321580695957,0.27503780346504403,0.21026084805918102,0.22391783771264542,0.17200025834450625,0.39786448930201584,0.2697715128784904,0.1925945281982422,0.20600765943527222,0.3418232513826704,0.0
201,0.2805841764418713,0.26755428042075197,0.2841145999717165,0.22094565230158508,0.28082826895186047,0.2149199211977453,0.22288238006821176,0.17200025834450625,0.36987457802704954,0.1347594786933665,0.1925945281982422,0.20600765943527222,0.20352009763557077,0.0
202,0.2520104618457863,0.24293635541882375,0.2427135745865911,0.21624943405427233,0.24608547603096184,0.21259038462846316,0.17597422108763416,0.17110833919663207,0.26948854494972396,0.08622832523175618,0.1925945281982422,0.20600765943527222,0.034147736452930635,0.0
203,0.2569270425078281,0.2496993108260977,0.249613745484112,0.21624943405427233,0.25187594151777826,0.21259038462846316,0.1784072224931313,0.17159668506129372,0.2579582001476865,0.1813262403060532,0.1925945281982422,0.20600765943527222,0.035174413713403116,0.0
204,0.2616718217205878,0.24008758047046388,0.2565139163816329,0.21624943405427233,0.2576664070045947,0.21259038462846316,0.18330974778275083,0.17159668506129372,0.3083391915153988,0.33539814221599573,0.1925945281982422,0.20600765943527222,0.06594139506242112,0.013131261896477483
205,0.2665323221168017,0.21120126630882577,0.2634140872791538,0.21155321580695957,0.26345687249141114,0.21026084805918102,0.19180672228922185,0.1719866448507063,0.309866990156,0.14780341486254756,0.1925945281982422,0.20600765943527222,0.21113296935190204,0.0
206,0.2714444519640953,0.2239260702618063,0.2703142581766747,0.21155321580695957,0.2692473379782276,0.21026084805918102,0.19601360370593832,0.1719866448507063,0.3840666605998682,0.20667212039450314,0.1925945281982422,0.20600765943527222,0.05386893205362989,0.030775951511254892
207,0.2763188982465204,0.2306976228605092,0.2772144290741956,0.21155321580695957,0.27503780346504403,0.21026084805918102,0.2362400543151399,0.1719866448507063,0.4084749819605298,0.4169408065254978,0.1925945281982422,0.20600765943527222,0.399790092239294,0.1209573316041276
208,0.2811933445289455,0.1771927580853537,0.2841145999717165,0.20216077931233403,0.28082826895186047,0.20560177492061676,0.23726162690592695,0.08404914167746169,0.4226366202174104,0.3147825875050762,0.1925945281982422,0.20600765943527222,0.3868666736540209,0.08694568965690463
209,0.2525967824171529,0.17312955927423646,0.2427135745865911,0.20216077931233403,0.24608547603096184,0.20560177492061676,0.19409906253191903,0.08365918188804909,0.25071406104600075,0.10424106228969493,0.1925945281982422,0.20600765943527222,0.34354472025982774,0.05064020571445678
210,0.25740565336228727,0.18104783686730966,0.249613745484112,0.20216077931233403,0.25187594151777826,0.20560177492061676,0.19738143080782453,0.08365918188804909,0.26194552367185675,0.22096530928258895,0.1925945281982422,0.20600765943527222,0.2945761627073966,0.02743976216675357
211,0.26221808495922017,0.1751915738861774,0.2565139163816329,0.20216077931233403,0.2576664070045947,0.20560177492061676,0.2015295633882659,0.08365918188804909,0.2555083920092391,0.2684190200666551,0.1925945281982422,0.20600765943527222,0.21538693605831674,0.04345470869703115
212,0.2671115213845711,0.22890347420264026,0.2634140872791538,0.20216077931233403,0.26345687249141114,0.20560177492061676,0.2040120958927123,0.08404914167746169,0.3045475727286658,0.30638919944061765,0.1925945281982422,0.20600765943527222,0.2586039082434966,0.19427263991810698
213,0.26996582046881734,0.17856292619887826,0.2703142581766747,0.20216077931233403,0.2692473379782276,0.20560177492061676,0.2105525437579928,0.08404914167746169,0.3550523859077737,0.1496957024046452,0.1925945281982422,0.20600765943527222,0.13933332983499622,0.05228861107854023
214,0.27693014338047717,0.20442248716425204,0.2772144290741956,0.21155321580695957,0.27503780346504403,0.21026084805918102,0.2403636866287601,0.1719866448507063,0.4300614191355039,0.4255664460658392,0.1925945281982422,0.20600765943527222,0.2284664545370412,0.016977325632894967
215,0.27544930017726255,0.19477174192347796,0.2841145999717165,0.21155321580695957,0.28082826895186047,0.21026084805918102,0.24076393581031857,0.17149829898604466,0.31782427957092413,0.09353125678708847,0.1925945281982422,0.20600765943527222,0.2494071124424471,0.016977325632894967
216,0.2532596570021892,0.18371285602193377,0.2427135745865911,0.21155321580695957,0.24608547603096184,0.21026084805918102,0.19842944523060863,0.17110833919663207,0.2696527512497393,0.09824155323902818,0.1925945281982422,0.20600765943527222,0.19508013802049465,0.017174434334593713
217,0.2582385490707064,0.197406461581941,0.249613745484112,0.21155321580695957,0.25187594151777826,0.21026084805918102,0.1963512120174894,0.17110833919663207,0.256487611319646,0.22188252367833608,0.1925945281982422,0.20600765943527222,0.2508707555671821,0.04745648774282134
218,0.2631711526658419,0.1956681341647371,0.2565139163816329,0.21155321580695957,0.2576664070045947,0.21026084805918102,0.1954495917913453,0.17110833919663207,0.29701485386178816,0.0,0.1925945281982422,0.20600765943527222,0.14341173696394097,0.10790152659624146
219,0.2680726005577397,0.20375701353703188,0.2634140872791538,0.21155321580695957,0.26345687249141114,0.21026084805918102,0.1928843604895824,0.17149829898604466,0.37084078357686545,0.21532185380773597,0.1925945281982422,0.20600765943527222,0.14541486619578,0.15997249110521689
220,0.2730630647446023,0.20785372997819412,0.2703142581766747,0.21155321580695957,0.2692473379782276,0.21026084805918102,0.1983941292654833,0.17149829898604466,0.3885416357878339,0.2098294188069664,0.1925945281982422,0.20600765943527222,0.10659532076667225,0.13066827421540675
221,0.27235901581454525,0.1739259143374444,0.2741861055531751,0.20216077931233403,0.27267105816766246,0.20560177492061676,0.2223375037343867,0.06553258770527691,0.31103826469446433,0.19703689112693995,0.1925945281982422,0.20600765943527222,0.20911803103722973,0.14729639215975165
222,0.2772318004594644,0.1885009777040668,0.281086276450696,0.20216077931233403,0.2784615236544789,0.20560177492061676,0.22235819923905165,0.06553258770527691,0.23487078104551376,0.19820331698870863,0.1925945281982422,0.20600765943527222,0.20911803103722973,0.10106773023634336
223,0.24450545290277598,0.168719594121001,0.2396852510655706,0.20216077931233403,0.2437187307335803,0.20560177492061676,0.17384549820382014,0.06514262791586431,0.19104198554140248,0.052162106156997054,0.1925945281982422,0.20600765943527222,0.12376189804142837,0.08109932230956807
224,0.25350636135508486,0.14487990762235764,0.2465854219630915,0.20216077931233403,0.24950919622039675,0.20560177492061676,0.17384549820382014,0.06514262791586431,0.21122765920710734,0.10086324134969842,0.1925945281982422,0.20600765943527222,0.11189971472269926,0.06578784961402365
225,0.25837914600000395,0.1590260655967976,0.2534855928606124,0.20216077931233403,0.2552996617072132,0.20560177492061676,0.17639586028471343,0.06514262791586431,0.2627808191614265,0.0,0.1925945281982422,0.20600765943527222,0.13647932697929785,0.1449532821985493
226,0.2633046282915422,0.2231416399799906,0.26038576375813327,0.20216077931233403,0.2610901271940296,0.20560177492061676,0.1787289073089522,0.06553258770527691,0.2603073232987541,0.0,0.1925945281982422,0.20600765943527222,0.06797230582834905,0.2873835438708642
227,0.2680805632075396,0.27523987878374845,0.2672859346556542,0.20216077931233403,0.266880592680846,0.20560177492061676,0.19765418793565487,0.06553258770527691,0.2988287588735978,0.24209113081091388,0.1925945281982422,0.20600765943527222,0.2453775533596111,0.21560872543150394
228,0.27297399963289054,0.18911043004877134,0.2741861055531751,0.2068569975596468,0.27267105816766246,0.2079313114898989,0.23159900460391658,0.10238783122724926,0.3284465236537542,0.18836034784834108,0.1925945281982422,0.20600765943527222,0.30841339327729633,0.007694206726986083
229,0.2778674360582415,0.2448123586739941,0.281086276450696,0.22094565230158508,0.2784615236544789,0.2149199211977453,0.23024097301248658,0.15334265690898236,0.268089830304767,0.3217439963766555,0.1925945281982422,0.20600765943527222,0.2488453388188953,0.0
230,0.2492898640893747,0.2713894975086958,0.2396852510655706,0.22094565230158508,0.2437187307335803,0.2149199211977453,0.18041995487671442,0.15295269711956977,0.18462688912102299,0.0705241756715118,0.1925945281982422,0.20600765943527222,0.13798224383988397,0.16755907050596558
231,0.2542376004546542,0.22343057799980298,0.2465854219630915,0.22094565230158508,0.24950919622039675,0.2149199211977453,0.16902240465507848,0.15295269711956977,0.2185637539426975,0.10715294361902535,0.1925945281982422,0.20600765943527222,0.0,0.029362988229055715
232,0.2591639729091421,0.23117238490624434,0.2534855928606124,0.22564187054889784,0.2552996617072132,0.21724945776702742,0.1713335035866611,0.15295269711956977,0.24308401435660348,0.11037167021629318,0.1925945281982422,0.20600765943527222,0.016589081599336714,0.03642235461017593
233,0.2641045879708244,0.2575236451838314,0.26038576375813327,0.22564187054889784,0.2610901271940296,0.21724945776702742,0.1741134249441598,0.15334265690898236,0.28104745844090495,0.10917396606302532,0.1925945281982422,0.20600765943527222,0.0,0.03567240833754276
234,0.26903541124006064,0.26055529349062045,0.2672859346556542,0.22564187054889784,0.266880592680846,0.21724945776702742,0.1849544574608107,0.15334265690898236,0.3426376989212442,0.1579448957729585,0.1925945281982422,0.20600765943527222,0.0023669038876864995,0.04913906738505877
235,0.2739092640805193,0.23379987814614528,0.2741861055531751,0.22094565230158508,0.27267105816766246,0.2149199211977453,0.22037739013450128,0.15334265690898236,0.3290744504760161,0.24616669855516524,0.1925945281982422,0.20600765943527222,0.26236693443614545,0.030511089591013587
236,0.27878311692097796,0.2011497263787823,0.281086276450696,0.2068569975596468,0.2784615236544789,0.2079313114898989,0.21774377775749315,0.10247815449590744,0.3746671703341983,0.24405046503537223,0.1925945281982422,0.20600765943527222,0.15830373135071868,0.07314406783905127
237,0.25018596136721893,0.2014511090293482,0.2396852510655706,0.2068569975596468,0.2437187307335803,0.2079313114898989,0.1717244619819593,0.1025765405711565,0.2537244279216557,0.10832819050647903,0.1925945281982422,0.20600765943527222,0.0,0.03252595818256296
238,0.25510877316990827,0.21105135689187268,0.2465854219630915,0.2068569975596468,0.24950919622039675,0.2079313114898989,0.17359562909947054,0.10270960436271086,0.2576495176366962,0.24222412615562391,0.1925945281982422,0.20600765943527222,0.00018059954007468163,0.04576989512050207
239,0.26006007018698635,0.18360252980186906,0.2534855928606124,0.20216077931233403,0.2552996617072132,0.20560177492061676,0.18062919909796138,0.06585436084073851,0.2876558778738849,0.22119713568590307,0.1925945281982422,0.20600765943527222,0.1285243168224019,0.0
240,0.2649161197684521,0.2033065610365672,0.26038576375813327,0.20216077931233403,0.2610901271940296,0.20560177492061676,0.18394322414865413,0.0662443206301511,0.2725534736330232,0.14363048573193607,0.1925945281982422,0.20600765943527222,0.25878417719259145,0.10519121492802291
241,0.26972053989883815,0.220337366974807,0.2672859346556542,0.20216077931233403,0.266880592680846,0.20560177492061676,0.18865519709138132,0.06589349960039932,0.3542020487395297,0.09929165492204811,0.1925945281982422,0.20600765943527222,0.0,0.1669674690793178
242,0.27462228451171916,0.22535707631788965,0.2741861055531751,0.20216077931233403,0.27267105816766246,0.20560177492061676,0.22235861527495077,0.06589349960039932,0.3814794026841664,0.144987179982037,0.1925945281982422,0.20600765943527222,0.30729113908105526,0.31468580294690623
243,0.27745996722090527,0.23838124266452212,0.281086276450696,0.20216077931233403,0.2784615236544789,0.20560177492061676,0.22255508167807084,0.06611125683859674,0.39060115489243774,0.2159661550018225,0.1925945281982422,0.20600765943527222,0.13205050598569337,0.3575147049386877
244,0.24887480144391097,0.2219554752647444,0.2396852510655706,0.2068569975596468,0.2437187307335803,0.2079313114898989,0.17709865034238123,0.1025765405711565,0.25993650297642507,0.19814632745291427,0.1925945281982422,0.20600765943527222,0.0,0.11520602100185479
245,0.2539026524746588,0.2753564149351846,0.2465854219630915,0.21155321580695957,0.24950919622039675,0.21026084805918102,0.19110051384454832,0.16270643318290623,0.26128314267159014,0.3042940265330747,0.1925945281982422,0.20600765943527222,0.09746286280381175,0.2842167214069546
246,0.2609437051835355,0.2454305254490517,0.2534855928606124,0.21155321580695957,0.2552996617072132,0.21026084805918102,0.2035256959908134,0.18059395154965127,0.28511235571363114,0.3669117068708998,0.1925945281982422,0.20600765943527222,0.22150705187779457,0.3016685993794205
247,0.26587452845277165,0.24500307909204003,0.26038576375813327,0.21624943405427233,0.2610901271940296,0.21259038462846316,0.23499987465081026,0.21387906003520504,0.347226528242566,0.4290043596606081,0.1925945281982422,0.20600765943527222,0.5469468388936928,0.34016701362943186
248,0.2708231549810008,0.2987732940111143,0.2672859346556542,0.22094565230158508,0.266880592680846,0.2149199211977453,0.24864357332047676,0.21982705107008915,0.3544138461430715,0.5238396731279823,0.1925945281982422,0.20600765943527222,0.2093433246361905,0.3893897081575672
249,0.2757266799197811,0.275314977623443,0.2741861055531751,0.22094565230158508,0.27267105816766246,0.2149199211977453,0.26559082201919815,0.21982705107008915,0.4002123613583745,0.22007305326871293,0.1925945281982422,0.20600765943527222,0.22196246969762642,0.3321364273094829
250,0.2806302048585614,0.3259790182001767,0.281086276450696,0.22564187054889784,0.2784615236544789,0.21724945776702742,0.26623553799718525,0.21982705107008915,0.3743423125254245,0.5477215056975064,0.1925945281982422,0.20600765943527222,0.22196246969762642,0.3558786527852254
251,0.25206272140312397,0.2992249714395785,0.2396852510655706,0.22094565230158508,0.2437187307335803,0.2149199211977453,0.24074093119339848,0.21943709128067657,0.24189016221924092,0.5306371927816047,0.1925945281982422,0.20600765943527222,0.1261664779767112,0.32389537756993425
252,0.25117666383502907,0.2953649347329459,0.243557098442071,0.22094565230158508,0.24714245092301518,0.2149199211977453,0.23385421161330974,0.2192143088343647,0.18317801278065962,0.16494331564750617,0.1925945281982422,0.20600765943527222,0.2860352260257948,0.2983801258685173
253,0.25610214612656734,0.28582867853500304,0.2504572693395919,0.22564187054889784,0.2529329164098316,0.21724945776702742,0.23724419425179086,0.2192143088343647,0.24944277658257416,0.24647129118299504,0.1925945281982422,0.20600765943527222,0.23851645410850053,0.21613716185589937
254,0.2609403924490401,0.28977598855352493,0.2573574402371128,0.22564187054889784,0.25872338189664806,0.21724945776702742,0.22617639265409797,0.21365627758889322,0.22927152366696646,0.15066078051533568,0.1925945281982422,0.20600765943527222,0.3442408926930007,0.2164924237135451
255,0.26587744685892384,0.2615904676042456,0.2642576111346337,0.22094565230158508,0.2645138473834645,0.2149199211977453,0.24285069933857426,0.2203153969347508,0.26879973641021426,0.24981154329996108,0.1925945281982422,0.20600765943527222,0.17513997052308272,0.17187261233332604
256,0.26869643614616734,0.3248737882415227,0.2711577820321546,0.22094565230158508,0.27030431287028095,0.2149199211977453,0.2621701666644947,0.2203153969347508,0.26418179344851356,0.43925663420615746,0.1925945281982422,0.20600765943527222,0.1979610594987678,0.37016456857894653
257,0.2756435492408006,0.28424496921921893,0.2780579529296755,0.21624943405427233,0.27609477835709734,0.21259038462846316,0.2621701666644947,0.2203153969347508,0.22226117412382257,0.3661492469164127,0.1925945281982422,0.20600765943527222,0.1930503674863791,0.2636020127918395
258,0.24705559203752123,0.32344804848429043,0.2366569275445501,0.22094565230158508,0.24135198543619876,0.2149199211977453,0.23385421161330974,0.21992543714533822,0.21938365618845163,0.054796377536240566,0.1925945281982422,0.20600765943527222,0.11458026722739048,0.26920503270023294
259,0.2519178727596345,0.2744397141483046,0.243557098442071,0.21624943405427233,0.24714245092301518,0.21259038462846316,0.2285234310048957,0.21692190204272246,0.18815686398993287,0.2454929241085159,0.1925945281982422,0.20600765943527222,0.3440944008464334,0.1465067343915283
260,0.25685314684361893,0.2894534706556324,0.2504572693395919,0.21624943405427233,0.2529329164098316,0.21259038462846316,0.23447392528079017,0.21992543714533822,0.2842031007151898,0.2449323046696339,0.1925945281982422,0.20600765943527222,0.11739351399853656,0.2083913254573902
261,0.2602558774990512,0.25947255869687896,0.2573574402371128,0.21155321580695957,0.25872338189664806,0.21026084805918102,0.19588166193400058,0.1814722572037255,0.2307745143415322,0.2339597660343968,0.1925945281982422,0.20600765943527222,0.005727948196406558,0.0551287070063025
262,0.2671000984439428,0.26064355004621,0.2642576111346337,0.21155321580695957,0.2645138473834645,0.21026084805918102,0.20683647939109948,0.19032588009054857,0.2502109026056396,0.25738415100346784,0.1925945281982422,0.20600765943527222,0.0,0.09564012046888633
263,0.2714144710054021,0.2605187997324083,0.2711577820321546,0.21155321580695957,0.27030431287028095,0.21026084805918102,0.2341308076634592,0.1814722572037255,0.26962127824855503,0.31587790418604544,0.1925945281982422,0.20600765943527222,0.2192439771456304,0.07592083721869532
264,0.27626725665605245,0.2529254525036644,0.2780579529296755,0.21155321580695957,0.27609477835709734,0.21026084805918102,0.2326969541207591,0.17454401880801546,0.265685422801925,0.20499236689214084,0.1925945281982422,0.20600765943527222,0.19390307501432458,0.05382611740147157
265,0.24764903391248502,0.21404934942466997,0.2366569275445501,0.2068569975596468,0.24135198543619876,0.2079313114898989,0.17090555330038254,0.10283703833225011,0.19591888990275136,0.21621547465098173,0.1925945281982422,0.20600765943527222,0.0,0.0
266,0.2504721772934935,0.2215660371708238,0.243557098442071,0.2068569975596468,0.24714245092301518,0.2079313114898989,0.17096817033397962,0.10283703833225011,0.19127145439983362,0.10794975234529736,0.1925945281982422,0.20600765943527222,0.0,0.020697616877815465
