,date,store_nbr,family,sales,onpromotion,oil_price,Additional_Local,Additional_National,Bridge_National,Event_National,Holiday_Local,Holiday_National,Holiday_Regional,Moved_Local,Moved_National,Transfer_Local,Transfer_National,day_of_month,day_of_week,month,year
1798527,2015-10-09,22,Players and electronics,17.0,0,49.67,0.0,0.0,0.0,0.0,0.0,1.0,0.0,0.0,0.0,0.0,0.0,9,4,10,2015
1800309,2015-10-10,22,Players and electronics,19.0,0,48.81,0.0,0.0,0.0,0.0,0.0,0.0,0.0,0.0,0.0,0.0,0.0,10,5,10,2015
1802091,2015-10-11,22,Players and electronics,13.0,0,47.95,0.0,0.0,0.0,0.0,0.0,0.0,0.0,0.0,0.0,0.0,0.0,11,6,10,2015
1803873,2015-10-12,22,Players and electronics,6.0,0,47.09,0.0,0.0,0.0,0.0,0.0,0.0,0.0,0.0,0.0,0.0,0.0,12,0,10,2015
1805655,2015-10-13,22,Players and electronics,8.0,0,46.7,0.0,0.0,0.0,0.0,0.0,0.0,0.0,0.0,0.0,0.0,0.0,13,1,10,2015
1807437,2015-10-14,22,Players and electronics,4.0,0,46.63,0.0,0.0,0.0,0.0,0.0,0.0,0.0,0.0,0.0,0.0,0.0,14,2,10,2015
1809219,2015-10-15,22,Players and electronics,7.0,0,46.38,0.0,0.0,0.0,0.0,0.0,0.0,0.0,0.0,0.0,0.0,0.0,15,3,10,2015
1811001,2015-10-16,22,Players and electronics,2.0,0,47.3,0.0,0.0,0.0,0.0,0.0,0.0,0.0,0.0,0.0,0.0,0.0,16,4,10,2015
1812783,2015-10-17,22,Players and electronics,7.0,0,46.836666666666666,0.0,0.0,0.0,0.0,0.0,0.0,0.0,0.0,0.0,0.0,0.0,17,5,10,2015
1814565,2015-10-18,22,Players and electronics,12.0,0,46.37333333333333,0.0,0.0,0.0,0.0,0.0,0.0,0.0,0.0,0.0,0.0,0.0,18,6,10,2015
1816347,2015-10-19,22,Players and electronics,12.0,0,45.91,0.0,0.0,0.0,0.0,0.0,0.0,0.0,0.0,0.0,0.0,0.0,19,0,10,2015
1818129,2015-10-20,22,Players and electronics,10.0,0,45.84,0.0,0.0,0.0,0.0,0.0,0.0,0.0,0.0,0.0,0.0,0.0,20,1,10,2015
1819911,2015-10-21,22,Players and electronics,5.0,0,45.22,0.0,0.0,0.0,0.0,0.0,0.0,0.0,0.0,0.0,0.0,0.0,21,2,10,2015
1821693,2015-10-22,22,Players and electronics,4.0,0,44.9,0.0,0.0,0.0,0.0,0.0,0.0,0.0,0.0,0.0,0.0,0.0,22,3,10,2015
1823475,2015-10-23,22,Players and electronics,3.0,0,43.91,0.0,0.0,0.0,0.0,0.0,0.0,0.0,0.0,0.0,0.0,0.0,23,4,10,2015
1825257,2015-10-24,22,Players and electronics,10.0,0,43.669999999999995,0.0,0.0,0.0,0.0,0.0,0.0,0.0,0.0,0.0,0.0,0.0,24,5,10,2015
1827039,2015-10-25,22,Players and electronics,5.0,0,43.43,0.0,0.0,0.0,0.0,0.0,0.0,0.0,0.0,0.0,0.0,0.0,25,6,10,2015
1828821,2015-10-26,22,Players and electronics,2.0,0,43.19,0.0,0.0,0.0,0.0,0.0,0.0,0.0,0.0,0.0,0.0,0.0,26,0,10,2015
1830603,2015-10-27,22,Players and electronics,4.0,0,43.21,0.0,0.0,0.0,0.0,0.0,0.0,0.0,0.0,0.0,0.0,0.0,27,1,10,2015
1832385,2015-10-28,22,Players and electronics,2.0,0,45.93,0.0,0.0,0.0,0.0,0.0,0.0,0.0,0.0,0.0,0.0,0.0,28,2,10,2015
1834167,2015-10-29,22,Players and electronics,5.0,0,46.02,0.0,0.0,0.0,0.0,0.0,0.0,0.0,0.0,0.0,0.0,0.0,29,3,10,2015
1835949,2015-10-30,22,Players and electronics,2.0,0,46.6,0.0,0.0,0.0,0.0,0.0,0.0,0.0,0.0,0.0,0.0,0.0,30,4,10,2015
1837731,2015-10-31,22,Players and electronics,7.0,0,46.44,0.0,0.0,0.0,0.0,0.0,0.0,0.0,0.0,0.0,0.0,0.0,31,5,10,2015
1839513,2015-11-01,22,Players and electronics,13.0,0,46.28,0.0,0.0,0.0,0.0,0.0,0.0,0.0,0.0,0.0,0.0,0.0,1,6,11,2015
1841295,2015-11-02,22,Players and electronics,8.0,0,46.12,0.0,0.0,0.0,0.0,0.0,1.0,0.0,0.0,0.0,0.0,0.0,2,0,11,2015
1843077,2015-11-03,22,Players and electronics,11.0,0,47.88,0.0,0.0,0.0,0.0,0.0,1.0,0.0,0.0,0.0,0.0,0.0,3,1,11,2015
1844859,2015-11-04,22,Players and electronics,2.0,0,46.32,0.0,0.0,0.0,0.0,0.0,0.0,0.0,0.0,0.0,0.0,0.0,4,2,11,2015
1846641,2015-11-05,22,Players and electronics,3.0,0,45.27,0.0,0.0,0.0,0.0,0.0,0.0,0.0,0.0,0.0,0.0,0.0,5,3,11,2015
1848423,2015-11-06,22,Players and electronics,3.0,0,44.32,0.0,0.0,0.0,0.0,0.0,0.0,1.0,0.0,0.0,0.0,0.0,6,4,11,2015
1850205,2015-11-07,22,Players and electronics,5.0,0,44.17,0.0,0.0,0.0,0.0,0.0,0.0,1.0,0.0,0.0,0.0,0.0,7,5,11,2015
1851987,2015-11-08,22,Players and electronics,13.0,0,44.019999999999996,0.0,0.0,0.0,0.0,0.0,0.0,0.0,0.0,0.0,0.0,0.0,8,6,11,2015
1853769,2015-11-09,22,Players and electronics,2.0,0,43.87,0.0,0.0,0.0,0.0,0.0,0.0,0.0,0.0,0.0,0.0,0.0,9,0,11,2015
1855551,2015-11-10,22,Players and electronics,3.0,0,44.23,0.0,0.0,0.0,0.0,1.0,0.0,0.0,0.0,0.0,0.0,0.0,10,1,11,2015
1857333,2015-11-11,22,Players and electronics,3.0,0,42.95,0.0,0.0,0.0,0.0,1.0,0.0,0.0,0.0,0.0,0.0,0.0,11,2,11,2015
1859115,2015-11-12,22,Players and electronics,0.0,0,41.74,0.0,0.0,0.0,0.0,1.0,0.0,0.0,0.0,0.0,0.0,0.0,12,3,11,2015
1860897,2015-11-13,22,Players and electronics,3.0,0,40.69,0.0,0.0,0.0,0.0,0.0,0.0,0.0,0.0,0.0,0.0,0.0,13,4,11,2015
1862679,2015-11-14,22,Players and electronics,7.0,0,41.019999999999996,0.0,0.0,0.0,0.0,0.0,0.0,0.0,0.0,0.0,0.0,0.0,14,5,11,2015
1864461,2015-11-15,22,Players and electronics,8.0,0,41.35,0.0,0.0,0.0,0.0,0.0,0.0,0.0,0.0,0.0,0.0,0.0,15,6,11,2015
1866243,2015-11-16,22,Players and electronics,3.0,0,41.68,0.0,0.0,0.0,0.0,0.0,0.0,0.0,0.0,0.0,0.0,0.0,16,0,11,2015
1868025,2015-11-17,22,Players and electronics,5.0,0,40.73,0.0,0.0,0.0,0.0,0.0,0.0,0.0,0.0,0.0,0.0,0.0,17,1,11,2015
1869807,2015-11-18,22,Players and electronics,9.0,0,40.75,0.0,0.0,0.0,0.0,0.0,0.0,0.0,0.0,0.0,0.0,0.0,18,2,11,2015
1871589,2015-11-19,22,Players and electronics,4.0,0,40.55,0.0,0.0,0.0,0.0,0.0,0.0,0.0,0.0,0.0,0.0,0.0,19,3,11,2015
1873371,2015-11-20,22,Players and electronics,5.0,0,39.39,0.0,0.0,0.0,0.0,0.0,0.0,0.0,0.0,0.0,0.0,0.0,20,4,11,2015
1875153,2015-11-21,22,Players and electronics,5.0,0,39.35,0.0,0.0,0.0,0.0,0.0,0.0,0.0,0.0,0.0,0.0,0.0,21,5,11,2015
1876935,2015-11-22,22,Players and electronics,2.0,0,39.31,0.0,0.0,0.0,0.0,0.0,0.0,0.0,0.0,0.0,0.0,0.0,22,6,11,2015
1878717,2015-11-23,22,Players and electronics,8.0,0,39.27,0.0,0.0,0.0,0.0,0.0,0.0,0.0,0.0,0.0,0.0,0.0,23,0,11,2015
1880499,2015-11-24,22,Players and electronics,1.0,0,40.89,0.0,0.0,0.0,0.0,0.0,0.0,0.0,0.0,0.0,0.0,0.0,24,1,11,2015
1882281,2015-11-25,22,Players and electronics,7.0,0,41.22,0.0,0.0,0.0,0.0,0.0,0.0,0.0,0.0,0.0,0.0,0.0,25,2,11,2015
1884063,2015-11-26,22,Players and electronics,2.0,0,40.894999999999996,0.0,0.0,0.0,0.0,0.0,0.0,0.0,0.0,0.0,0.0,0.0,26,3,11,2015
1885845,2015-11-27,22,Players and electronics,2.0,0,40.57,0.0,0.0,0.0,1.0,0.0,0.0,0.0,0.0,0.0,0.0,0.0,27,4,11,2015
1887627,2015-11-28,22,Players and electronics,4.0,0,40.52333333333333,0.0,0.0,0.0,0.0,0.0,0.0,0.0,0.0,0.0,0.0,0.0,28,5,11,2015
1889409,2015-11-29,22,Players and electronics,9.0,0,40.47666666666667,0.0,0.0,0.0,0.0,0.0,0.0,0.0,0.0,0.0,0.0,0.0,29,6,11,2015
1891191,2015-11-30,22,Players and electronics,7.0,0,40.43,0.0,0.0,0.0,1.0,0.0,0.0,0.0,0.0,0.0,0.0,0.0,30,0,11,2015
1892973,2015-12-01,22,Players and electronics,3.0,0,40.58,0.0,0.0,0.0,0.0,0.0,0.0,0.0,0.0,0.0,0.0,0.0,1,1,12,2015
1894755,2015-12-02,22,Players and electronics,3.0,0,39.93,0.0,0.0,0.0,0.0,0.0,0.0,0.0,0.0,0.0,0.0,0.0,2,2,12,2015
1896537,2015-12-03,22,Players and electronics,3.0,0,41.08,0.0,0.0,0.0,0.0,0.0,0.0,0.0,0.0,0.0,0.0,0.0,3,3,12,2015
1898319,2015-12-04,22,Players and electronics,5.0,0,40.0,0.0,0.0,0.0,0.0,0.0,0.0,0.0,0.0,0.0,0.0,0.0,4,4,12,2015
1900101,2015-12-05,22,Players and electronics,15.0,0,39.21333333333333,1.0,0.0,0.0,0.0,0.0,0.0,0.0,0.0,0.0,0.0,0.0,5,5,12,2015
1901883,2015-12-06,22,Players and electronics,11.0,0,38.42666666666667,0.0,0.0,0.0,0.0,1.0,0.0,0.0,0.0,0.0,0.0,0.0,6,6,12,2015
1903665,2015-12-07,22,Players and electronics,7.0,0,37.64,0.0,0.0,0.0,0.0,0.0,0.0,0.0,0.0,0.0,0.0,0.0,7,0,12,2015
1905447,2015-12-08,22,Players and electronics,1.0,0,37.46,0.0,0.0,0.0,0.0,1.0,0.0,0.0,0.0,0.0,0.0,0.0,8,1,12,2015
1907229,2015-12-09,22,Players and electronics,3.0,0,37.16,0.0,0.0,0.0,0.0,0.0,0.0,0.0,0.0,0.0,0.0,0.0,9,2,12,2015
1909011,2015-12-10,22,Players and electronics,7.0,0,36.76,0.0,0.0,0.0,0.0,0.0,0.0,0.0,0.0,0.0,0.0,0.0,10,3,12,2015
1910793,2015-12-11,22,Players and electronics,4.0,0,35.65,0.0,0.0,0.0,0.0,0.0,0.0,0.0,0.0,0.0,0.0,0.0,11,4,12,2015
1912575,2015-12-12,22,Players and electronics,5.0,0,35.87,0.0,0.0,0.0,0.0,0.0,0.0,0.0,0.0,0.0,0.0,0.0,12,5,12,2015
1914357,2015-12-13,22,Players and electronics,7.0,0,36.09,0.0,0.0,0.0,0.0,0.0,0.0,0.0,0.0,0.0,0.0,0.0,13,6,12,2015
1916139,2015-12-14,22,Players and electronics,6.0,0,36.31,0.0,0.0,0.0,0.0,0.0,0.0,0.0,0.0,0.0,0.0,0.0,14,0,12,2015
1917921,2015-12-15,22,Players and electronics,1.0,0,37.32,0.0,0.0,0.0,0.0,0.0,0.0,0.0,0.0,0.0,0.0,0.0,15,1,12,2015
1919703,2015-12-16,22,Players and electronics,4.0,0,35.55,0.0,0.0,0.0,0.0,0.0,0.0,0.0,0.0,0.0,0.0,0.0,16,2,12,2015
1921485,2015-12-17,22,Players and electronics,5.0,0,34.98,0.0,0.0,0.0,0.0,0.0,0.0,0.0,0.0,0.0,0.0,0.0,17,3,12,2015
1923267,2015-12-18,22,Players and electronics,1.0,0,34.72,0.0,0.0,0.0,0.0,0.0,0.0,0.0,0.0,0.0,0.0,0.0,18,4,12,2015
1925049,2015-12-19,22,Players and electronics,4.0,0,34.663333333333334,0.0,0.0,0.0,0.0,0.0,0.0,0.0,0.0,0.0,0.0,0.0,19,5,12,2015
1926831,2015-12-20,22,Players and electronics,6.0,0,34.60666666666666,0.0,0.0,0.0,0.0,0.0,0.0,0.0,0.0,0.0,0.0,0.0,20,6,12,2015
1928613,2015-12-21,22,Players and electronics,5.0,0,34.55,0.0,1.0,0.0,0.0,0.0,0.0,0.0,0.0,0.0,0.0,0.0,21,0,12,2015
1930395,2015-12-22,22,Players and electronics,9.0,0,36.12,0.0,1.0,0.0,0.0,1.0,0.0,0.0,0.0,0.0,0.0,0.0,22,1,12,2015
1932177,2015-12-23,22,Players and electronics,10.0,0,36.76,0.0,1.0,0.0,0.0,0.0,0.0,0.0,0.0,0.0,0.0,0.0,23,2,12,2015
1933959,2015-12-24,22,Players and electronics,8.0,0,37.62,0.0,1.0,0.0,0.0,0.0,0.0,0.0,0.0,0.0,0.0,0.0,24,3,12,2015
1935741,2015-12-26,22,Players and electronics,16.0,0,36.989999999999995,0.0,1.0,0.0,0.0,0.0,0.0,0.0,0.0,0.0,0.0,0.0,26,5,12,2015
1937523,2015-12-27,22,Players and electronics,6.0,0,36.675,0.0,0.0,0.0,0.0,0.0,0.0,0.0,0.0,0.0,0.0,0.0,27,6,12,2015
1939305,2015-12-28,22,Players and electronics,8.0,0,36.36,0.0,0.0,0.0,0.0,0.0,0.0,0.0,0.0,0.0,0.0,0.0,28,0,12,2015
1941087,2015-12-29,22,Players and electronics,7.0,0,37.88,0.0,0.0,0.0,0.0,0.0,0.0,0.0,0.0,0.0,0.0,0.0,29,1,12,2015
1942869,2015-12-30,22,Players and electronics,3.0,0,36.59,0.0,0.0,0.0,0.0,0.0,0.0,0.0,0.0,0.0,0.0,0.0,30,2,12,2015
1944651,2015-12-31,22,Players and electronics,12.0,0,37.13,0.0,1.0,0.0,0.0,0.0,0.0,0.0,0.0,0.0,0.0,0.0,31,3,12,2015
1948215,2016-01-02,22,Players and electronics,5.0,0,36.97,0.0,0.0,0.0,0.0,0.0,0.0,0.0,0.0,0.0,0.0,0.0,2,5,1,2016
1949997,2016-01-03,22,Players and electronics,14.0,0,36.89,0.0,0.0,0.0,0.0,0.0,0.0,0.0,0.0,0.0,0.0,0.0,3,6,1,2016
1951779,2016-01-04,22,Players and electronics,5.0,0,36.81,0.0,0.0,0.0,0.0,0.0,0.0,0.0,0.0,0.0,0.0,0.0,4,0,1,2016
1953561,2016-01-05,22,Players and electronics,2.0,0,35.97,0.0,0.0,0.0,0.0,0.0,0.0,0.0,0.0,0.0,0.0,0.0,5,1,1,2016
1955343,2016-01-06,22,Players and electronics,0.0,0,33.97,0.0,0.0,0.0,0.0,0.0,0.0,0.0,0.0,0.0,0.0,0.0,6,2,1,2016
1957125,2016-01-07,22,Players and electronics,1.0,0,33.29,0.0,0.0,0.0,0.0,0.0,0.0,0.0,0.0,0.0,0.0,0.0,7,3,1,2016
1958907,2016-01-08,22,Players and electronics,3.0,0,33.2,0.0,0.0,0.0,0.0,0.0,0.0,0.0,0.0,0.0,0.0,0.0,8,4,1,2016
1960689,2016-01-09,22,Players and electronics,7.0,0,32.60666666666667,0.0,0.0,0.0,0.0,0.0,0.0,0.0,0.0,0.0,0.0,0.0,9,5,1,2016
1962471,2016-01-10,22,Players and electronics,2.0,0,32.013333333333335,0.0,0.0,0.0,0.0,0.0,0.0,0.0,0.0,0.0,0.0,0.0,10,6,1,2016
1964253,2016-01-11,22,Players and electronics,5.0,0,31.42,0.0,0.0,0.0,0.0,0.0,0.0,0.0,0.0,0.0,0.0,0.0,11,0,1,2016
1966035,2016-01-12,22,Players and electronics,3.0,0,30.42,0.0,0.0,0.0,0.0,0.0,0.0,0.0,0.0,0.0,0.0,0.0,12,1,1,2016
1967817,2016-01-13,22,Players and electronics,2.0,0,30.42,0.0,0.0,0.0,0.0,0.0,0.0,0.0,0.0,0.0,0.0,0.0,13,2,1,2016
1969599,2016-01-14,22,Players and electronics,4.0,0,31.22,0.0,0.0,0.0,0.0,0.0,0.0,0.0,0.0,0.0,0.0,0.0,14,3,1,2016
1971381,2016-01-15,22,Players and electronics,1.0,0,29.45,0.0,0.0,0.0,0.0,0.0,0.0,0.0,0.0,0.0,0.0,0.0,15,4,1,2016
1973163,2016-01-16,22,Players and electronics,6.0,0,29.205,0.0,0.0,0.0,0.0,0.0,0.0,0.0,0.0,0.0,0.0,0.0,16,5,1,2016
1974945,2016-01-17,22,Players and electronics,2.0,0,28.96,0.0,0.0,0.0,0.0,0.0,0.0,0.0,0.0,0.0,0.0,0.0,17,6,1,2016
1976727,2016-01-18,22,Players and electronics,4.0,0,28.715,0.0,0.0,0.0,0.0,0.0,0.0,0.0,0.0,0.0,0.0,0.0,18,0,1,2016
1978509,2016-01-19,22,Players and electronics,0.0,0,28.47,0.0,0.0,0.0,0.0,0.0,0.0,0.0,0.0,0.0,0.0,0.0,19,1,1,2016
1980291,2016-01-20,22,Players and electronics,0.0,0,26.68,0.0,0.0,0.0,0.0,0.0,0.0,0.0,0.0,0.0,0.0,0.0,20,2,1,2016
1982073,2016-01-21,22,Players and electronics,1.0,0,29.55,0.0,0.0,0.0,0.0,0.0,0.0,0.0,0.0,0.0,0.0,0.0,21,3,1,2016
1983855,2016-01-22,22,Players and electronics,1.0,0,32.07,0.0,0.0,0.0,0.0,0.0,0.0,0.0,0.0,0.0,0.0,0.0,22,4,1,2016
1985637,2016-01-23,22,Players and electronics,1.0,0,31.483333333333334,0.0,0.0,0.0,0.0,0.0,0.0,0.0,0.0,0.0,0.0,0.0,23,5,1,2016
1987419,2016-01-24,22,Players and electronics,0.0,0,30.896666666666665,0.0,0.0,0.0,0.0,0.0,0.0,0.0,0.0,0.0,0.0,0.0,24,6,1,2016
1989201,2016-01-25,22,Players and electronics,1.0,0,30.31,0.0,0.0,0.0,0.0,0.0,0.0,0.0,0.0,0.0,0.0,0.0,25,0,1,2016
1990983,2016-01-26,22,Players and electronics,2.0,0,29.54,0.0,0.0,0.0,0.0,0.0,0.0,0.0,0.0,0.0,0.0,0.0,26,1,1,2016
1992765,2016-01-27,22,Players and electronics,3.0,0,32.32,0.0,0.0,0.0,0.0,0.0,0.0,0.0,0.0,0.0,0.0,0.0,27,2,1,2016
1994547,2016-01-28,22,Players and electronics,6.0,0,33.21,0.0,0.0,0.0,0.0,0.0,0.0,0.0,0.0,0.0,0.0,0.0,28,3,1,2016
1996329,2016-01-29,22,Players and electronics,3.0,0,33.66,0.0,0.0,0.0,0.0,0.0,0.0,0.0,0.0,0.0,0.0,0.0,29,4,1,2016
1998111,2016-01-30,22,Players and electronics,6.0,0,32.98,0.0,0.0,0.0,0.0,0.0,0.0,0.0,0.0,0.0,0.0,0.0,30,5,1,2016
1999893,2016-01-31,22,Players and electronics,4.0,0,32.3,0.0,0.0,0.0,0.0,0.0,0.0,0.0,0.0,0.0,0.0,0.0,31,6,1,2016
2001675,2016-02-01,22,Players and electronics,8.0,0,31.62,0.0,0.0,0.0,0.0,0.0,0.0,0.0,0.0,0.0,0.0,0.0,1,0,2,2016
2003457,2016-02-02,22,Players and electronics,3.0,0,29.9,0.0,0.0,0.0,0.0,0.0,0.0,0.0,0.0,0.0,0.0,0.0,2,1,2,2016
2005239,2016-02-03,22,Players and electronics,6.0,0,32.29,0.0,0.0,0.0,0.0,0.0,0.0,0.0,0.0,0.0,0.0,0.0,3,2,2,2016
2007021,2016-02-04,22,Players and electronics,1.0,0,31.63,0.0,0.0,0.0,0.0,0.0,0.0,0.0,0.0,0.0,0.0,0.0,4,3,2,2016
2008803,2016-02-05,22,Players and electronics,6.0,0,30.86,0.0,0.0,0.0,0.0,0.0,0.0,0.0,0.0,0.0,0.0,0.0,5,4,2,2016
2010585,2016-02-06,22,Players and electronics,6.0,0,30.476666666666667,0.0,0.0,0.0,0.0,0.0,0.0,0.0,0.0,0.0,0.0,0.0,6,5,2,2016
2012367,2016-02-07,22,Players and electronics,3.0,0,30.093333333333334,0.0,0.0,0.0,0.0,0.0,0.0,0.0,0.0,0.0,0.0,0.0,7,6,2,2016
2014149,2016-02-08,22,Players and electronics,7.0,0,29.71,0.0,0.0,0.0,0.0,0.0,1.0,0.0,0.0,0.0,0.0,0.0,8,0,2,2016
2015931,2016-02-09,22,Players and electronics,10.0,0,27.96,0.0,0.0,0.0,0.0,0.0,1.0,0.0,0.0,0.0,0.0,0.0,9,1,2,2016
2017713,2016-02-10,22,Players and electronics,13.0,0,27.54,0.0,0.0,0.0,0.0,0.0,0.0,0.0,0.0,0.0,0.0,0.0,10,2,2,2016
2019495,2016-02-11,22,Players and electronics,5.0,0,26.19,0.0,0.0,0.0,0.0,0.0,0.0,0.0,0.0,0.0,0.0,0.0,11,3,2,2016
2021277,2016-02-12,22,Players and electronics,6.0,0,29.32,0.0,0.0,0.0,0.0,0.0,0.0,0.0,0.0,0.0,0.0,0.0,12,4,2,2016
2023059,2016-02-13,22,Players and electronics,7.0,0,29.2525,0.0,0.0,0.0,0.0,0.0,0.0,0.0,0.0,0.0,0.0,0.0,13,5,2,2016
2024841,2016-02-14,22,Players and electronics,11.0,0,29.185000000000002,0.0,0.0,0.0,0.0,0.0,0.0,0.0,0.0,0.0,0.0,0.0,14,6,2,2016
2026623,2016-02-15,22,Players and electronics,1.0,0,29.1175,0.0,0.0,0.0,0.0,0.0,0.0,0.0,0.0,0.0,0.0,0.0,15,0,2,2016
2028405,2016-02-16,22,Players and electronics,5.0,0,29.05,0.0,0.0,0.0,0.0,0.0,0.0,0.0,0.0,0.0,0.0,0.0,16,1,2,2016
2030187,2016-02-17,22,Players and electronics,4.0,0,30.68,0.0,0.0,0.0,0.0,0.0,0.0,0.0,0.0,0.0,0.0,0.0,17,2,2,2016
2031969,2016-02-18,22,Players and electronics,3.0,0,30.77,0.0,0.0,0.0,0.0,0.0,0.0,0.0,0.0,0.0,0.0,0.0,18,3,2,2016
2033751,2016-02-19,22,Players and electronics,1.0,0,29.59,0.0,0.0,0.0,0.0,0.0,0.0,0.0,0.0,0.0,0.0,0.0,19,4,2,2016
2035533,2016-02-20,22,Players and electronics,8.0,0,30.183333333333334,0.0,0.0,0.0,0.0,0.0,0.0,0.0,0.0,0.0,0.0,0.0,20,5,2,2016
2037315,2016-02-21,22,Players and electronics,8.0,0,30.776666666666667,0.0,0.0,0.0,0.0,0.0,0.0,0.0,0.0,0.0,0.0,0.0,21,6,2,2016
2039097,2016-02-22,22,Players and electronics,4.0,0,31.37,0.0,0.0,0.0,0.0,0.0,0.0,0.0,0.0,0.0,0.0,0.0,22,0,2,2016
2040879,2016-02-23,22,Players and electronics,3.0,0,31.84,0.0,0.0,0.0,0.0,0.0,0.0,0.0,0.0,0.0,0.0,0.0,23,1,2,2016
2042661,2016-02-24,22,Players and electronics,4.0,0,30.35,0.0,0.0,0.0,0.0,0.0,0.0,0.0,0.0,0.0,0.0,0.0,24,2,2,2016
2044443,2016-02-25,22,Players and electronics,6.0,0,31.4,0.0,0.0,0.0,0.0,0.0,0.0,0.0,0.0,0.0,0.0,0.0,25,3,2,2016
2046225,2016-02-26,22,Players and electronics,4.0,0,31.65,0.0,0.0,0.0,0.0,0.0,0.0,0.0,0.0,0.0,0.0,0.0,26,4,2,2016
2048007,2016-02-27,22,Players and electronics,3.0,0,32.013333333333335,0.0,0.0,0.0,0.0,0.0,0.0,0.0,0.0,0.0,0.0,0.0,27,5,2,2016
2049789,2016-02-28,22,Players and electronics,10.0,0,32.376666666666665,0.0,0.0,0.0,0.0,0.0,0.0,0.0,0.0,0.0,0.0,0.0,28,6,2,2016
2051571,2016-02-29,22,Players and electronics,3.0,0,32.74,0.0,0.0,0.0,0.0,0.0,0.0,0.0,0.0,0.0,0.0,0.0,29,0,2,2016
2053353,2016-03-01,22,Players and electronics,7.0,0,34.39,0.0,0.0,0.0,0.0,0.0,0.0,0.0,0.0,0.0,0.0,0.0,1,1,3,2016
2055135,2016-03-02,22,Players and electronics,8.0,0,34.57,0.0,0.0,0.0,0.0,1.0,0.0,0.0,0.0,0.0,0.0,0.0,2,2,3,2016
2056917,2016-03-03,22,Players and electronics,1.0,0,34.56,0.0,0.0,0.0,0.0,0.0,0.0,0.0,0.0,0.0,0.0,0.0,3,3,3,2016
2058699,2016-03-04,22,Players and electronics,2.0,0,35.91,0.0,0.0,0.0,0.0,0.0,0.0,0.0,0.0,0.0,0.0,0.0,4,4,3,2016
2060481,2016-03-05,22,Players and electronics,4.0,0,36.57333333333333,0.0,0.0,0.0,0.0,0.0,0.0,0.0,0.0,0.0,0.0,0.0,5,5,3,2016
2062263,2016-03-06,22,Players and electronics,12.0,0,37.236666666666665,0.0,0.0,0.0,0.0,0.0,0.0,0.0,0.0,0.0,0.0,0.0,6,6,3,2016
2064045,2016-03-07,22,Players and electronics,3.0,0,37.9,0.0,0.0,0.0,0.0,0.0,0.0,0.0,0.0,0.0,0.0,0.0,7,0,3,2016
2065827,2016-03-08,22,Players and electronics,6.0,0,36.67,0.0,0.0,0.0,0.0,0.0,0.0,0.0,0.0,0.0,0.0,0.0,8,1,3,2016
2067609,2016-03-09,22,Players and electronics,7.0,0,37.62,0.0,0.0,0.0,0.0,0.0,0.0,0.0,0.0,0.0,0.0,0.0,9,2,3,2016
2069391,2016-03-10,22,Players and electronics,10.0,0,37.77,0.0,0.0,0.0,0.0,0.0,0.0,0.0,0.0,0.0,0.0,0.0,10,3,3,2016
2071173,2016-03-11,22,Players and electronics,7.0,0,38.51,0.0,0.0,0.0,0.0,0.0,0.0,0.0,0.0,0.0,0.0,0.0,11,4,3,2016
2072955,2016-03-12,22,Players and electronics,9.0,0,38.07333333333333,0.0,0.0,0.0,0.0,0.0,0.0,0.0,0.0,0.0,0.0,0.0,12,5,3,2016
2074737,2016-03-13,22,Players and electronics,7.0,0,37.63666666666667,0.0,0.0,0.0,0.0,0.0,0.0,0.0,0.0,0.0,0.0,0.0,13,6,3,2016
2076519,2016-03-14,22,Players and electronics,6.0,0,37.2,0.0,0.0,0.0,0.0,0.0,0.0,0.0,0.0,0.0,0.0,0.0,14,0,3,2016
2078301,2016-03-15,22,Players and electronics,5.0,0,36.32,0.0,0.0,0.0,0.0,0.0,0.0,0.0,0.0,0.0,0.0,0.0,15,1,3,2016
2080083,2016-03-16,22,Players and electronics,4.0,0,38.43,0.0,0.0,0.0,0.0,0.0,0.0,0.0,0.0,0.0,0.0,0.0,16,2,3,2016
2081865,2016-03-17,22,Players and electronics,2.0,0,40.17,0.0,0.0,0.0,0.0,0.0,0.0,0.0,0.0,0.0,0.0,0.0,17,3,3,2016
2083647,2016-03-18,22,Players and electronics,2.0,0,39.47,0.0,0.0,0.0,0.0,0.0,0.0,0.0,0.0,0.0,0.0,0.0,18,4,3,2016
2085429,2016-03-19,22,Players and electronics,2.0,0,39.61666666666667,0.0,0.0,0.0,0.0,0.0,0.0,0.0,0.0,0.0,0.0,0.0,19,5,3,2016
2087211,2016-03-20,22,Players and electronics,10.0,0,39.76333333333333,0.0,0.0,0.0,0.0,0.0,0.0,0.0,0.0,0.0,0.0,0.0,20,6,3,2016
2088993,2016-03-21,22,Players and electronics,2.0,0,39.91,0.0,0.0,0.0,0.0,0.0,0.0,0.0,0.0,0.0,0.0,0.0,21,0,3,2016
2090775,2016-03-22,22,Players and electronics,4.0,0,41.45,0.0,0.0,0.0,0.0,0.0,0.0,0.0,0.0,0.0,0.0,0.0,22,1,3,2016
2092557,2016-03-23,22,Players and electronics,1.0,0,38.28,0.0,0.0,0.0,0.0,0.0,0.0,0.0,0.0,0.0,0.0,0.0,23,2,3,2016
2094339,2016-03-24,22,Players and electronics,1.0,0,38.14,0.0,0.0,0.0,0.0,0.0,0.0,0.0,0.0,0.0,0.0,0.0,24,3,3,2016
2096121,2016-03-25,22,Players and electronics,5.0,0,38.1025,0.0,0.0,0.0,0.0,0.0,1.0,0.0,0.0,0.0,0.0,0.0,25,4,3,2016
2097903,2016-03-26,22,Players and electronics,1.0,0,38.065,0.0,0.0,0.0,0.0,0.0,0.0,0.0,0.0,0.0,0.0,0.0,26,5,3,2016
2099685,2016-03-27,22,Players and electronics,5.0,0,38.0275,0.0,0.0,0.0,0.0,0.0,0.0,0.0,0.0,0.0,0.0,0.0,27,6,3,2016
2101467,2016-03-28,22,Players and electronics,3.0,0,37.99,0.0,0.0,0.0,0.0,0.0,0.0,0.0,0.0,0.0,0.0,0.0,28,0,3,2016
2103249,2016-03-29,22,Players and electronics,0.0,0,36.91,0.0,0.0,0.0,0.0,0.0,0.0,0.0,0.0,0.0,0.0,0.0,29,1,3,2016
2105031,2016-03-30,22,Players and electronics,5.0,0,36.91,0.0,0.0,0.0,0.0,0.0,0.0,0.0,0.0,0.0,0.0,0.0,30,2,3,2016
2106813,2016-03-31,22,Players and electronics,0.0,0,36.94,0.0,0.0,0.0,0.0,0.0,0.0,0.0,0.0,0.0,0.0,0.0,31,3,3,2016
2108595,2016-04-01,22,Players and electronics,6.0,0,35.36,0.0,0.0,0.0,0.0,0.0,0.0,1.0,0.0,0.0,0.0,0.0,1,4,4,2016
2110377,2016-04-02,22,Players and electronics,6.0,0,35.00666666666667,0.0,0.0,0.0,0.0,0.0,0.0,0.0,0.0,0.0,0.0,0.0,2,5,4,2016
2112159,2016-04-03,22,Players and electronics,2.0,0,34.65333333333333,0.0,0.0,0.0,0.0,0.0,0.0,0.0,0.0,0.0,0.0,0.0,3,6,4,2016
2113941,2016-04-04,22,Players and electronics,4.0,0,34.3,0.0,0.0,0.0,0.0,0.0,0.0,0.0,0.0,0.0,0.0,0.0,4,0,4,2016
2115723,2016-04-05,22,Players and electronics,2.0,0,34.52,0.0,0.0,0.0,0.0,0.0,0.0,0.0,0.0,0.0,0.0,0.0,5,1,4,2016
2117505,2016-04-06,22,Players and electronics,6.0,0,37.74,0.0,0.0,0.0,0.0,0.0,0.0,0.0,0.0,0.0,0.0,0.0,6,2,4,2016
2119287,2016-04-07,22,Players and electronics,4.0,0,37.3,0.0,0.0,0.0,0.0,0.0,0.0,0.0,0.0,0.0,0.0,0.0,7,3,4,2016
2121069,2016-04-08,22,Players and electronics,1.0,0,39.74,0.0,0.0,0.0,0.0,0.0,0.0,0.0,0.0,0.0,0.0,0.0,8,4,4,2016
2122851,2016-04-09,22,Players and electronics,10.0,0,39.980000000000004,0.0,0.0,0.0,0.0,0.0,0.0,0.0,0.0,0.0,0.0,0.0,9,5,4,2016
2124633,2016-04-10,22,Players and electronics,4.0,0,40.22,0.0,0.0,0.0,0.0,0.0,0.0,0.0,0.0,0.0,0.0,0.0,10,6,4,2016
2126415,2016-04-11,22,Players and electronics,3.0,0,40.46,0.0,0.0,0.0,0.0,0.0,0.0,0.0,0.0,0.0,0.0,0.0,11,0,4,2016
2128197,2016-04-12,22,Players and electronics,0.0,0,42.12,0.0,0.0,0.0,0.0,1.0,0.0,0.0,0.0,0.0,0.0,0.0,12,1,4,2016
2129979,2016-04-13,22,Players and electronics,5.0,0,41.7,0.0,0.0,0.0,0.0,0.0,0.0,0.0,0.0,0.0,0.0,0.0,13,2,4,2016
2131761,2016-04-14,22,Players and electronics,3.0,0,41.45,0.0,0.0,0.0,0.0,1.0,0.0,0.0,0.0,0.0,0.0,0.0,14,3,4,2016
2133543,2016-04-15,22,Players and electronics,3.0,0,40.4,0.0,0.0,0.0,0.0,0.0,0.0,0.0,0.0,0.0,0.0,0.0,15,4,4,2016
2135325,2016-04-16,22,Players and electronics,4.0,0,40.18,0.0,0.0,0.0,1.0,0.0,0.0,0.0,0.0,0.0,0.0,0.0,16,5,4,2016
2137107,2016-04-17,22,Players and electronics,4.0,0,39.96,0.0,0.0,0.0,1.0,0.0,0.0,0.0,0.0,0.0,0.0,0.0,17,6,4,2016
2138889,2016-04-18,22,Players and electronics,2.0,0,39.74,0.0,0.0,0.0,1.0,0.0,0.0,0.0,0.0,0.0,0.0,0.0,18,0,4,2016
2140671,2016-04-19,22,Players and electronics,2.0,0,40.88,0.0,0.0,0.0,1.0,0.0,0.0,0.0,0.0,0.0,0.0,0.0,19,1,4,2016
2142453,2016-04-20,22,Players and electronics,7.0,0,42.72,0.0,0.0,0.0,1.0,0.0,0.0,0.0,0.0,0.0,0.0,0.0,20,2,4,2016
2144235,2016-04-21,22,Players and electronics,7.0,0,43.18,0.0,0.0,0.0,1.0,1.0,0.0,0.0,0.0,0.0,0.0,0.0,21,3,4,2016
2146017,2016-04-22,22,Players and electronics,4.0,0,42.76,0.0,0.0,0.0,1.0,0.0,0.0,0.0,0.0,0.0,0.0,0.0,22,4,4,2016
2147799,2016-04-23,22,Players and electronics,2.0,0,42.39666666666667,0.0,0.0,0.0,1.0,0.0,0.0,0.0,0.0,0.0,0.0,0.0,23,5,4,2016
2149581,2016-04-24,22,Players and electronics,2.0,0,42.03333333333333,0.0,0.0,0.0,1.0,0.0,0.0,0.0,0.0,0.0,0.0,0.0,24,6,4,2016
2151363,2016-04-25,22,Players and electronics,2.0,0,41.67,0.0,0.0,0.0,1.0,0.0,0.0,0.0,0.0,0.0,0.0,0.0,25,0,4,2016
2153145,2016-04-26,22,Players and electronics,0.0,0,42.52,0.0,0.0,0.0,1.0,0.0,0.0,0.0,0.0,0.0,0.0,0.0,26,1,4,2016
2154927,2016-04-27,22,Players and electronics,1.0,0,45.29,0.0,0.0,0.0,1.0,0.0,0.0,0.0,0.0,0.0,0.0,0.0,27,2,4,2016
2156709,2016-04-28,22,Players and electronics,0.0,0,46.03,0.0,0.0,0.0,1.0,0.0,0.0,0.0,0.0,0.0,0.0,0.0,28,3,4,2016
2158491,2016-04-29,22,Players and electronics,1.0,0,45.98,0.0,0.0,0.0,1.0,0.0,0.0,0.0,0.0,0.0,0.0,0.0,29,4,4,2016
2160273,2016-04-30,22,Players and electronics,3.0,0,45.57,0.0,0.0,0.0,1.0,0.0,0.0,0.0,0.0,0.0,0.0,0.0,30,5,4,2016
2162055,2016-05-01,22,Players and electronics,2.0,0,45.16,0.0,0.0,0.0,1.0,0.0,1.0,0.0,0.0,0.0,0.0,0.0,1,6,5,2016
2163837,2016-05-02,22,Players and electronics,8.0,0,44.75,0.0,0.0,0.0,1.0,0.0,0.0,0.0,0.0,0.0,0.0,0.0,2,0,5,2016
2165619,2016-05-03,22,Players and electronics,2.0,1,43.65,0.0,0.0,0.0,1.0,0.0,0.0,0.0,0.0,0.0,0.0,0.0,3,1,5,2016
2167401,2016-05-04,22,Players and electronics,8.0,0,43.77,0.0,0.0,0.0,1.0,0.0,0.0,0.0,0.0,0.0,0.0,0.0,4,2,5,2016
2169183,2016-05-05,22,Players and electronics,3.0,0,44.33,0.0,0.0,0.0,1.0,0.0,0.0,0.0,0.0,0.0,0.0,0.0,5,3,5,2016
2170965,2016-05-06,22,Players and electronics,6.0,0,44.58,0.0,0.0,0.0,1.0,0.0,0.0,0.0,0.0,0.0,0.0,0.0,6,4,5,2016
2172747,2016-05-07,22,Players and electronics,5.0,0,44.20333333333333,0.0,1.0,0.0,1.0,0.0,0.0,0.0,0.0,0.0,0.0,0.0,7,5,5,2016
2174529,2016-05-08,22,Players and electronics,2.0,0,43.82666666666667,0.0,0.0,0.0,2.0,0.0,0.0,0.0,0.0,0.0,0.0,0.0,8,6,5,2016
2176311,2016-05-09,22,Players and electronics,5.0,0,43.45,0.0,0.0,0.0,1.0,0.0,0.0,0.0,0.0,0.0,0.0,0.0,9,0,5,2016
2178093,2016-05-10,22,Players and electronics,9.0,0,44.68,0.0,0.0,0.0,1.0,0.0,0.0,0.0,0.0,0.0,0.0,0.0,10,1,5,2016
2179875,2016-05-11,22,Players and electronics,7.0,0,46.21,0.0,0.0,0.0,1.0,0.0,0.0,0.0,0.0,0.0,0.0,0.0,11,2,5,2016
2181657,2016-05-12,22,Players and electronics,1.0,0,46.64,0.0,0.0,0.0,1.0,1.0,0.0,0.0,0.0,0.0,0.0,0.0,12,3,5,2016
2183439,2016-05-13,22,Players and electronics,1.0,0,46.22,0.0,0.0,0.0,1.0,0.0,0.0,0.0,0.0,0.0,0.0,0.0,13,4,5,2016
2185221,2016-05-14,22,Players and electronics,6.0,0,46.72,0.0,0.0,0.0,1.0,0.0,0.0,0.0,0.0,0.0,0.0,0.0,14,5,5,2016
2187003,2016-05-15,22,Players and electronics,9.0,0,47.22,0.0,0.0,0.0,1.0,0.0,0.0,0.0,0.0,0.0,0.0,0.0,15,6,5,2016
2188785,2016-05-16,22,Players and electronics,4.0,0,47.72,0.0,0.0,0.0,1.0,0.0,0.0,0.0,0.0,0.0,0.0,0.0,16,0,5,2016
2190567,2016-05-17,22,Players and electronics,6.0,0,48.29,0.0,0.0,0.0,0.0,0.0,0.0,0.0,0.0,0.0,0.0,0.0,17,1,5,2016
2192349,2016-05-18,22,Players and electronics,3.0,0,48.12,0.0,0.0,0.0,0.0,0.0,0.0,0.0,0.0,0.0,0.0,0.0,18,2,5,2016
2194131,2016-05-19,22,Players and electronics,3.0,0,48.16,0.0,0.0,0.0,0.0,0.0,0.0,0.0,0.0,0.0,0.0,0.0,19,3,5,2016
2195913,2016-05-20,22,Players and electronics,7.0,0,47.67,0.0,0.0,0.0,0.0,0.0,0.0,0.0,0.0,0.0,0.0,0.0,20,4,5,2016
2197695,2016-05-21,22,Players and electronics,6.0,0,47.82,0.0,0.0,0.0,0.0,0.0,0.0,0.0,0.0,0.0,0.0,0.0,21,5,5,2016
2199477,2016-05-22,22,Players and electronics,10.0,0,47.97,0.0,0.0,0.0,0.0,0.0,0.0,0.0,0.0,0.0,0.0,0.0,22,6,5,2016
2201259,2016-05-23,22,Players and electronics,4.0,0,48.12,0.0,0.0,0.0,0.0,0.0,0.0,0.0,0.0,0.0,0.0,0.0,23,0,5,2016
2203041,2016-05-24,22,Players and electronics,6.0,0,48.04,0.0,0.0,0.0,0.0,0.0,0.0,0.0,0.0,1.0,0.0,0.0,24,1,5,2016
2204823,2016-05-25,22,Players and electronics,6.0,0,49.1,0.0,0.0,0.0,0.0,0.0,0.0,0.0,0.0,0.0,0.0,0.0,25,2,5,2016
2206605,2016-05-26,22,Players and electronics,5.0,0,49.0,0.0,0.0,0.0,0.0,0.0,0.0,0.0,0.0,0.0,0.0,0.0,26,3,5,2016
2208387,2016-05-27,22,Players and electronics,5.0,0,49.36,0.0,0.0,0.0,0.0,0.0,0.0,0.0,0.0,0.0,0.0,1.0,27,4,5,2016
2210169,2016-05-28,22,Players and electronics,9.0,0,49.295,0.0,0.0,0.0,0.0,0.0,0.0,0.0,0.0,0.0,0.0,0.0,28,5,5,2016
2211951,2016-05-29,22,Players and electronics,8.0,0,49.230000000000004,0.0,0.0,0.0,0.0,0.0,0.0,0.0,0.0,0.0,0.0,0.0,29,6,5,2016
2213733,2016-05-30,22,Players and electronics,10.0,0,49.165,0.0,0.0,0.0,0.0,0.0,0.0,0.0,0.0,0.0,0.0,0.0,30,0,5,2016
2215515,2016-05-31,22,Players and electronics,6.0,0,49.1,0.0,0.0,0.0,0.0,0.0,0.0,0.0,0.0,0.0,0.0,0.0,31,1,5,2016
2217297,2016-06-01,22,Players and electronics,8.0,0,49.07,0.0,0.0,0.0,0.0,0.0,0.0,0.0,0.0,0.0,0.0,0.0,1,2,6,2016
2219079,2016-06-02,22,Players and electronics,5.0,0,49.14,0.0,0.0,0.0,0.0,0.0,0.0,0.0,0.0,0.0,0.0,0.0,2,3,6,2016
2220861,2016-06-03,22,Players and electronics,8.0,0,48.69,0.0,0.0,0.0,0.0,0.0,0.0,0.0,0.0,0.0,0.0,0.0,3,4,6,2016
2222643,2016-06-04,22,Players and electronics,5.0,0,49.03,0.0,0.0,0.0,0.0,0.0,0.0,0.0,0.0,0.0,0.0,0.0,4,5,6,2016
2224425,2016-06-05,22,Players and electronics,4.0,0,49.37,0.0,0.0,0.0,0.0,0.0,0.0,0.0,0.0,0.0,0.0,0.0,5,6,6,2016
2226207,2016-06-06,22,Players and electronics,4.0,0,49.71,0.0,0.0,0.0,0.0,0.0,0.0,0.0,0.0,0.0,0.0,0.0,6,0,6,2016
2227989,2016-06-07,22,Players and electronics,2.0,0,50.37,0.0,0.0,0.0,0.0,0.0,0.0,0.0,0.0,0.0,0.0,0.0,7,1,6,2016
2229771,2016-06-08,22,Players and electronics,1.0,0,51.23,0.0,0.0,0.0,0.0,0.0,0.0,0.0,0.0,0.0,0.0,0.0,8,2,6,2016
2231553,2016-06-09,22,Players and electronics,5.0,0,50.52,0.0,0.0,0.0,0.0,0.0,0.0,0.0,0.0,0.0,0.0,0.0,9,3,6,2016
2233335,2016-06-10,22,Players and electronics,2.0,0,49.09,0.0,0.0,0.0,0.0,0.0,0.0,0.0,0.0,0.0,0.0,0.0,10,4,6,2016
2235117,2016-06-11,22,Players and electronics,4.0,0,49.02333333333333,0.0,0.0,0.0,0.0,0.0,0.0,0.0,0.0,0.0,0.0,0.0,11,5,6,2016
2236899,2016-06-12,22,Players and electronics,7.0,0,48.95666666666667,0.0,0.0,0.0,0.0,0.0,0.0,0.0,0.0,0.0,0.0,0.0,12,6,6,2016
2238681,2016-06-13,22,Players and electronics,5.0,0,48.89,0.0,0.0,0.0,0.0,0.0,0.0,0.0,0.0,0.0,0.0,0.0,13,0,6,2016
2240463,2016-06-14,22,Players and electronics,1.0,0,48.49,0.0,0.0,0.0,0.0,0.0,0.0,0.0,0.0,0.0,0.0,0.0,14,1,6,2016
2242245,2016-06-15,22,Players and electronics,2.0,0,47.92,0.0,0.0,0.0,0.0,0.0,0.0,0.0,0.0,0.0,0.0,0.0,15,2,6,2016
2244027,2016-06-16,22,Players and electronics,4.0,0,46.14,0.0,0.0,0.0,0.0,0.0,0.0,0.0,0.0,0.0,0.0,0.0,16,3,6,2016
2245809,2016-06-17,22,Players and electronics,9.0,0,48.0,0.0,0.0,0.0,0.0,0.0,0.0,0.0,0.0,0.0,0.0,0.0,17,4,6,2016
2247591,2016-06-18,22,Players and electronics,9.0,0,48.46666666666667,0.0,0.0,0.0,0.0,0.0,0.0,0.0,0.0,0.0,0.0,0.0,18,5,6,2016
2249373,2016-06-19,22,Players and electronics,5.0,0,48.93333333333333,0.0,0.0,0.0,0.0,0.0,0.0,0.0,0.0,0.0,0.0,0.0,19,6,6,2016
2251155,2016-06-20,22,Players and electronics,10.0,0,49.4,0.0,0.0,0.0,0.0,0.0,0.0,0.0,0.0,0.0,0.0,0.0,20,0,6,2016
2252937,2016-06-21,22,Players and electronics,4.0,0,48.95,0.0,0.0,0.0,0.0,0.0,0.0,0.0,0.0,0.0,0.0,0.0,21,1,6,2016
2254719,2016-06-22,22,Players and electronics,4.0,0,49.16,0.0,0.0,0.0,0.0,0.0,0.0,0.0,0.0,0.0,0.0,0.0,22,2,6,2016
2256501,2016-06-23,22,Players and electronics,8.0,0,49.34,0.0,0.0,0.0,0.0,1.0,0.0,0.0,0.0,0.0,0.0,0.0,23,3,6,2016
2258283,2016-06-24,22,Players and electronics,3.0,0,46.7,0.0,0.0,0.0,0.0,0.0,0.0,0.0,0.0,0.0,0.0,0.0,24,4,6,2016
2260065,2016-06-25,22,Players and electronics,1.0,0,46.4,0.0,0.0,0.0,0.0,2.0,0.0,1.0,0.0,0.0,0.0,0.0,25,5,6,2016
2261847,2016-06-26,22,Players and electronics,3.0,0,46.1,0.0,0.0,0.0,0.0,0.0,0.0,0.0,0.0,0.0,0.0,0.0,26,6,6,2016
2263629,2016-06-27,22,Players and electronics,2.0,0,45.8,0.0,0.0,0.0,0.0,0.0,0.0,0.0,0.0,0.0,0.0,0.0,27,0,6,2016
2265411,2016-06-28,22,Players and electronics,6.0,0,47.93,0.0,0.0,0.0,0.0,0.0,0.0,0.0,0.0,0.0,0.0,0.0,28,1,6,2016
2267193,2016-06-29,22,Players and electronics,2.0,0,49.85,0.0,0.0,0.0,0.0,0.0,0.0,0.0,0.0,0.0,0.0,0.0,29,2,6,2016
2268975,2016-06-30,22,Players and electronics,3.0,0,48.27,0.0,0.0,0.0,0.0,0.0,0.0,0.0,0.0,0.0,0.0,0.0,30,3,6,2016
2270757,2016-07-01,22,Players and electronics,8.0,0,49.02,0.0,0.0,0.0,0.0,0.0,0.0,0.0,0.0,0.0,0.0,0.0,1,4,7,2016
2272539,2016-07-02,22,Players and electronics,10.0,0,48.447500000000005,0.0,0.0,0.0,0.0,0.0,0.0,0.0,0.0,0.0,0.0,0.0,2,5,7,2016
2274321,2016-07-03,22,Players and electronics,3.0,0,47.875,0.0,0.0,0.0,0.0,2.0,0.0,0.0,0.0,0.0,0.0,0.0,3,6,7,2016
2276103,2016-07-04,22,Players and electronics,4.0,0,47.302499999999995,0.0,0.0,0.0,0.0,0.0,0.0,0.0,0.0,0.0,0.0,0.0,4,0,7,2016
2277885,2016-07-05,22,Players and electronics,7.0,0,46.73,0.0,0.0,0.0,0.0,0.0,0.0,0.0,0.0,0.0,0.0,0.0,5,1,7,2016
2279667,2016-07-06,22,Players and electronics,2.0,0,47.37,0.0,0.0,0.0,0.0,0.0,0.0,0.0,0.0,0.0,0.0,0.0,6,2,7,2016
2281449,2016-07-07,22,Players and electronics,3.0,0,45.22,0.0,0.0,0.0,0.0,0.0,0.0,0.0,0.0,0.0,0.0,0.0,7,3,7,2016
2283231,2016-07-08,22,Players and electronics,4.0,0,45.37,0.0,0.0,0.0,0.0,0.0,0.0,0.0,0.0,0.0,0.0,0.0,8,4,7,2016
2285013,2016-07-09,22,Players and electronics,4.0,0,45.156666666666666,0.0,0.0,0.0,0.0,0.0,0.0,0.0,0.0,0.0,0.0,0.0,9,5,7,2016
2286795,2016-07-10,22,Players and electronics,6.0,0,44.94333333333333,0.0,0.0,0.0,0.0,0.0,0.0,0.0,0.0,0.0,0.0,0.0,10,6,7,2016
2288577,2016-07-11,22,Players and electronics,3.0,0,44.73,0.0,0.0,0.0,0.0,0.0,0.0,0.0,0.0,0.0,0.0,0.0,11,0,7,2016
2290359,2016-07-12,22,Players and electronics,4.0,0,46.82,0.0,0.0,0.0,0.0,0.0,0.0,0.0,0.0,0.0,0.0,0.0,12,1,7,2016
2292141,2016-07-13,22,Players and electronics,1.0,0,44.87,0.0,0.0,0.0,0.0,0.0,0.0,0.0,0.0,0.0,0.0,0.0,13,2,7,2016
2293923,2016-07-14,22,Players and electronics,1.0,0,45.64,0.0,0.0,0.0,0.0,0.0,0.0,0.0,0.0,0.0,0.0,0.0,14,3,7,2016
2295705,2016-07-15,22,Players and electronics,10.0,0,45.93,0.0,0.0,0.0,0.0,0.0,0.0,0.0,0.0,0.0,0.0,0.0,15,4,7,2016
2297487,2016-07-16,22,Players and electronics,7.0,0,45.696666666666665,0.0,0.0,0.0,0.0,0.0,0.0,0.0,0.0,0.0,0.0,0.0,16,5,7,2016
2299269,2016-07-17,22,Players and electronics,15.0,0,45.46333333333333,0.0,0.0,0.0,0.0,0.0,0.0,0.0,0.0,0.0,0.0,0.0,17,6,7,2016
2301051,2016-07-18,22,Players and electronics,4.0,0,45.23,0.0,0.0,0.0,0.0,0.0,0.0,0.0,0.0,0.0,0.0,0.0,18,0,7,2016
2302833,2016-07-19,22,Players and electronics,7.0,0,44.64,0.0,0.0,0.0,0.0,0.0,0.0,0.0,0.0,0.0,0.0,0.0,19,1,7,2016
2304615,2016-07-20,22,Players and electronics,3.0,0,44.96,0.0,0.0,0.0,0.0,0.0,0.0,0.0,0.0,0.0,0.0,0.0,20,2,7,2016
2306397,2016-07-21,22,Players and electronics,4.0,0,43.96,0.0,0.0,0.0,0.0,0.0,0.0,0.0,0.0,0.0,0.0,0.0,21,3,7,2016
2308179,2016-07-22,22,Players and electronics,1.0,0,43.41,0.0,0.0,0.0,0.0,0.0,0.0,0.0,0.0,0.0,0.0,0.0,22,4,7,2016
2309961,2016-07-23,22,Players and electronics,4.0,0,43.07333333333333,0.0,0.0,0.0,0.0,1.0,0.0,0.0,0.0,0.0,0.0,0.0,23,5,7,2016
2311743,2016-07-24,22,Players and electronics,5.0,0,42.736666666666665,1.0,0.0,0.0,0.0,0.0,0.0,0.0,0.0,0.0,1.0,0.0,24,6,7,2016
2313525,2016-07-25,22,Players and electronics,7.0,0,42.4,0.0,0.0,0.0,0.0,0.0,0.0,0.0,1.0,0.0,0.0,0.0,25,0,7,2016
2315307,2016-07-26,22,Players and electronics,3.0,0,42.16,0.0,0.0,0.0,0.0,0.0,0.0,0.0,0.0,0.0,0.0,0.0,26,1,7,2016
2317089,2016-07-27,22,Players and electronics,5.0,0,41.9,0.0,0.0,0.0,0.0,0.0,0.0,0.0,0.0,0.0,0.0,0.0,27,2,7,2016
2318871,2016-07-28,22,Players and electronics,0.0,0,41.13,0.0,0.0,0.0,0.0,0.0,0.0,0.0,0.0,0.0,0.0,0.0,28,3,7,2016
2320653,2016-07-29,22,Players and electronics,3.0,0,41.54,0.0,0.0,0.0,0.0,0.0,0.0,0.0,0.0,0.0,0.0,0.0,29,4,7,2016
2322435,2016-07-30,22,Players and electronics,1.0,0,41.04333333333333,0.0,0.0,0.0,0.0,0.0,0.0,0.0,0.0,0.0,0.0,0.0,30,5,7,2016
2324217,2016-07-31,22,Players and electronics,6.0,0,40.54666666666667,0.0,0.0,0.0,0.0,0.0,0.0,0.0,0.0,0.0,0.0,0.0,31,6,7,2016
2325999,2016-08-01,22,Players and electronics,5.0,0,40.05,0.0,0.0,0.0,0.0,0.0,0.0,0.0,0.0,0.0,0.0,0.0,1,0,8,2016
2327781,2016-08-02,22,Players and electronics,8.0,0,39.5,0.0,0.0,0.0,0.0,0.0,0.0,0.0,0.0,0.0,0.0,0.0,2,1,8,2016
2329563,2016-08-03,22,Players and electronics,6.0,0,40.8,0.0,0.0,0.0,0.0,0.0,0.0,0.0,0.0,0.0,0.0,0.0,3,2,8,2016
2331345,2016-08-04,22,Players and electronics,1.0,0,41.92,0.0,0.0,0.0,0.0,0.0,0.0,0.0,0.0,0.0,0.0,0.0,4,3,8,2016
2333127,2016-08-05,22,Players and electronics,8.0,0,41.83,0.0,0.0,0.0,0.0,1.0,0.0,0.0,0.0,0.0,0.0,0.0,5,4,8,2016
2334909,2016-08-06,22,Players and electronics,5.0,0,42.24,0.0,0.0,0.0,0.0,0.0,0.0,0.0,0.0,0.0,0.0,0.0,6,5,8,2016
2336691,2016-08-07,22,Players and electronics,12.0,0,42.65,0.0,0.0,0.0,0.0,0.0,0.0,0.0,0.0,0.0,0.0,0.0,7,6,8,2016
2338473,2016-08-08,22,Players and electronics,7.0,0,43.06,0.0,0.0,0.0,0.0,0.0,0.0,0.0,0.0,0.0,0.0,0.0,8,0,8,2016
2340255,2016-08-09,22,Players and electronics,4.0,0,42.78,0.0,0.0,0.0,0.0,0.0,0.0,0.0,0.0,0.0,0.0,0.0,9,1,8,2016
2342037,2016-08-10,22,Players and electronics,6.0,0,41.75,0.0,0.0,0.0,0.0,0.0,0.0,0.0,0.0,1.0,0.0,0.0,10,2,8,2016
2343819,2016-08-11,22,Players and electronics,4.0,0,43.51,0.0,0.0,0.0,0.0,0.0,0.0,0.0,0.0,0.0,0.0,0.0,11,3,8,2016
2345601,2016-08-12,22,Players and electronics,5.0,0,44.47,0.0,0.0,0.0,0.0,0.0,0.0,0.0,0.0,0.0,0.0,1.0,12,4,8,2016
2347383,2016-08-13,22,Players and electronics,3.0,0,44.88666666666666,0.0,0.0,0.0,0.0,0.0,0.0,0.0,0.0,0.0,0.0,0.0,13,5,8,2016
2349165,2016-08-14,22,Players and electronics,4.0,0,45.303333333333335,0.0,0.0,0.0,0.0,0.0,0.0,0.0,0.0,0.0,0.0,0.0,14,6,8,2016
2350947,2016-08-15,22,Players and electronics,7.0,0,45.72,0.0,0.0,0.0,0.0,1.0,0.0,0.0,0.0,0.0,0.0,0.0,15,0,8,2016
2352729,2016-08-16,22,Players and electronics,4.0,0,46.57,0.0,0.0,0.0,0.0,0.0,0.0,0.0,0.0,0.0,0.0,0.0,16,1,8,2016
2354511,2016-08-17,22,Players and electronics,5.0,0,46.81,0.0,0.0,0.0,0.0,0.0,0.0,0.0,0.0,0.0,0.0,0.0,17,2,8,2016
2356293,2016-08-18,22,Players and electronics,4.0,0,48.2,0.0,0.0,0.0,0.0,0.0,0.0,0.0,0.0,0.0,0.0,0.0,18,3,8,2016
2358075,2016-08-19,22,Players and electronics,1.0,0,48.48,0.0,0.0,0.0,0.0,0.0,0.0,0.0,0.0,0.0,0.0,0.0,19,4,8,2016
2359857,2016-08-20,22,Players and electronics,6.0,0,47.919999999999995,0.0,0.0,0.0,0.0,0.0,0.0,0.0,0.0,0.0,0.0,0.0,20,5,8,2016
2361639,2016-08-21,22,Players and electronics,5.0,0,47.36,0.0,0.0,0.0,0.0,0.0,0.0,0.0,0.0,0.0,0.0,0.0,21,6,8,2016
2363421,2016-08-22,22,Players and electronics,6.0,0,46.8,0.0,0.0,0.0,0.0,0.0,0.0,0.0,0.0,0.0,0.0,0.0,22,0,8,2016
2365203,2016-08-23,22,Players and electronics,5.0,0,47.54,0.0,0.0,0.0,0.0,0.0,0.0,0.0,0.0,0.0,0.0,0.0,23,1,8,2016
2366985,2016-08-24,22,Players and electronics,2.0,0,46.29,0.0,0.0,0.0,0.0,1.0,0.0,0.0,0.0,0.0,0.0,0.0,24,2,8,2016
2368767,2016-08-25,22,Players and electronics,4.0,0,46.97,0.0,0.0,0.0,0.0,0.0,0.0,0.0,0.0,0.0,0.0,0.0,25,3,8,2016
2370549,2016-08-26,22,Players and electronics,4.0,0,47.64,0.0,0.0,0.0,0.0,0.0,0.0,0.0,0.0,0.0,0.0,0.0,26,4,8,2016
2372331,2016-08-27,22,Players and electronics,11.0,0,47.416666666666664,0.0,0.0,0.0,0.0,0.0,0.0,0.0,0.0,0.0,0.0,0.0,27,5,8,2016
2374113,2016-08-28,22,Players and electronics,6.0,0,47.193333333333335,0.0,0.0,0.0,0.0,0.0,0.0,0.0,0.0,0.0,0.0,0.0,28,6,8,2016
2375895,2016-08-29,22,Players and electronics,3.0,0,46.97,0.0,0.0,0.0,0.0,0.0,0.0,0.0,0.0,0.0,0.0,0.0,29,0,8,2016
2377677,2016-08-30,22,Players and electronics,2.0,0,46.32,0.0,0.0,0.0,0.0,0.0,0.0,0.0,0.0,0.0,0.0,0.0,30,1,8,2016
2379459,2016-08-31,22,Players and electronics,7.0,0,44.68,0.0,0.0,0.0,0.0,0.0,0.0,0.0,0.0,0.0,0.0,0.0,31,2,8,2016
2381241,2016-09-01,22,Players and electronics,4.0,0,43.17,0.0,0.0,0.0,0.0,0.0,0.0,0.0,0.0,0.0,0.0,0.0,1,3,9,2016
2383023,2016-09-02,22,Players and electronics,4.0,0,44.39,0.0,0.0,0.0,0.0,0.0,0.0,0.0,0.0,0.0,0.0,0.0,2,4,9,2016
2384805,2016-09-03,22,Players and electronics,1.0,0,44.505,0.0,0.0,0.0,0.0,0.0,0.0,0.0,0.0,0.0,0.0,0.0,3,5,9,2016
2386587,2016-09-04,22,Players and electronics,6.0,0,44.620000000000005,0.0,0.0,0.0,0.0,0.0,0.0,0.0,0.0,0.0,0.0,0.0,4,6,9,2016
2388369,2016-09-05,22,Players and electronics,10.0,0,44.735,0.0,0.0,0.0,0.0,0.0,0.0,0.0,0.0,0.0,0.0,0.0,5,0,9,2016
2390151,2016-09-06,22,Players and electronics,7.0,0,44.85,0.0,0.0,0.0,0.0,0.0,0.0,0.0,0.0,0.0,0.0,0.0,6,1,9,2016
2391933,2016-09-07,22,Players and electronics,7.0,0,45.47,0.0,0.0,0.0,0.0,0.0,0.0,0.0,0.0,0.0,0.0,0.0,7,2,9,2016
2393715,2016-09-08,22,Players and electronics,4.0,0,47.63,0.0,0.0,0.0,0.0,0.0,0.0,0.0,0.0,0.0,0.0,0.0,8,3,9,2016
2395497,2016-09-09,22,Players and electronics,3.0,0,45.88,0.0,0.0,0.0,0.0,0.0,0.0,0.0,0.0,0.0,0.0,0.0,9,4,9,2016
2397279,2016-09-10,22,Players and electronics,1.0,0,46.013333333333335,0.0,0.0,0.0,0.0,0.0,0.0,0.0,0.0,0.0,0.0,0.0,10,5,9,2016
2399061,2016-09-11,22,Players and electronics,11.0,0,46.14666666666667,0.0,0.0,0.0,0.0,0.0,0.0,0.0,0.0,0.0,0.0,0.0,11,6,9,2016
2400843,2016-09-12,22,Players and electronics,3.0,0,46.28,0.0,0.0,0.0,0.0,0.0,0.0,0.0,0.0,0.0,0.0,0.0,12,0,9,2016
2402625,2016-09-13,22,Players and electronics,7.0,0,44.91,0.0,0.0,0.0,0.0,0.0,0.0,0.0,0.0,0.0,0.0,0.0,13,1,9,2016
2404407,2016-09-14,22,Players and electronics,2.0,0,43.62,0.0,0.0,0.0,0.0,0.0,0.0,0.0,0.0,0.0,0.0,0.0,14,2,9,2016
2406189,2016-09-15,22,Players and electronics,2.0,0,43.85,0.0,0.0,0.0,0.0,0.0,0.0,0.0,0.0,0.0,0.0,0.0,15,3,9,2016
2407971,2016-09-16,22,Players and electronics,0.0,0,43.04,0.0,0.0,0.0,0.0,0.0,0.0,0.0,0.0,0.0,0.0,0.0,16,4,9,2016
2409753,2016-09-17,22,Players and electronics,6.0,0,43.14,0.0,0.0,0.0,0.0,0.0,0.0,0.0,0.0,0.0,0.0,0.0,17,5,9,2016
2411535,2016-09-18,22,Players and electronics,9.0,0,43.24,0.0,0.0,0.0,0.0,0.0,0.0,0.0,0.0,0.0,0.0,0.0,18,6,9,2016
2413317,2016-09-19,22,Players and electronics,5.0,0,43.34,0.0,0.0,0.0,0.0,0.0,0.0,0.0,0.0,0.0,0.0,0.0,19,0,9,2016
2415099,2016-09-20,22,Players and electronics,2.0,0,43.85,0.0,0.0,0.0,0.0,0.0,0.0,0.0,0.0,0.0,0.0,0.0,20,1,9,2016
2416881,2016-09-21,22,Players and electronics,4.0,0,45.33,0.0,0.0,0.0,0.0,0.0,0.0,0.0,0.0,0.0,0.0,0.0,21,2,9,2016
2418663,2016-09-22,22,Players and electronics,8.0,0,46.1,0.0,0.0,0.0,0.0,0.0,0.0,0.0,0.0,0.0,0.0,0.0,22,3,9,2016
2420445,2016-09-23,22,Players and electronics,0.0,0,44.36,0.0,0.0,0.0,0.0,0.0,0.0,0.0,0.0,0.0,0.0,0.0,23,4,9,2016
2422227,2016-09-24,22,Players and electronics,6.0,0,44.77333333333333,0.0,0.0,0.0,0.0,0.0,0.0,0.0,0.0,0.0,0.0,0.0,24,5,9,2016
2424009,2016-09-25,22,Players and electronics,6.0,0,45.18666666666667,0.0,0.0,0.0,0.0,0.0,0.0,0.0,0.0,0.0,0.0,0.0,25,6,9,2016
2425791,2016-09-26,22,Players and electronics,5.0,0,45.6,0.0,0.0,0.0,0.0,0.0,0.0,0.0,0.0,0.0,0.0,0.0,26,0,9,2016
2427573,2016-09-27,22,Players and electronics,3.0,0,44.65,0.0,0.0,0.0,0.0,0.0,0.0,0.0,0.0,0.0,0.0,0.0,27,1,9,2016
2429355,2016-09-28,22,Players and electronics,3.0,0,47.07,0.0,0.0,0.0,0.0,1.0,0.0,0.0,0.0,0.0,0.0,0.0,28,2,9,2016
2431137,2016-09-29,22,Players and electronics,10.0,0,47.72,0.0,0.0,0.0,0.0,0.0,0.0,0.0,0.0,0.0,0.0,0.0,29,3,9,2016
2432919,2016-09-30,22,Players and electronics,6.0,0,47.72,0.0,0.0,0.0,0.0,0.0,0.0,0.0,0.0,0.0,0.0,0.0,30,4,9,2016
2434701,2016-10-01,22,Players and electronics,10.0,0,48.08,0.0,0.0,0.0,0.0,0.0,0.0,0.0,0.0,0.0,0.0,0.0,1,5,10,2016
2436483,2016-10-02,22,Players and electronics,10.0,0,48.44,0.0,0.0,0.0,0.0,0.0,0.0,0.0,0.0,0.0,0.0,0.0,2,6,10,2016
2438265,2016-10-03,22,Players and electronics,4.0,0,48.8,0.0,0.0,0.0,0.0,0.0,0.0,0.0,0.0,0.0,0.0,0.0,3,0,10,2016
2440047,2016-10-04,22,Players and electronics,9.0,0,48.67,0.0,0.0,0.0,0.0,0.0,0.0,0.0,0.0,0.0,0.0,0.0,4,1,10,2016
2441829,2016-10-05,22,Players and electronics,6.0,0,49.75,0.0,0.0,0.0,0.0,0.0,0.0,0.0,0.0,0.0,0.0,0.0,5,2,10,2016
2443611,2016-10-06,22,Players and electronics,2.0,0,50.44,0.0,0.0,0.0,0.0,0.0,0.0,0.0,0.0,0.0,0.0,0.0,6,3,10,2016
2445393,2016-10-07,22,Players and electronics,3.0,0,49.76,0.0,0.0,0.0,0.0,1.0,0.0,0.0,0.0,0.0,0.0,0.0,7,4,10,2016
2447175,2016-10-08,22,Players and electronics,1.0,0,49.76,0.0,0.0,0.0,0.0,0.0,0.0,0.0,0.0,0.0,0.0,0.0,8,5,10,2016
2448957,2016-10-09,22,Players and electronics,13.0,0,49.76,0.0,0.0,0.0,0.0,0.0,1.0,0.0,0.0,0.0,0.0,0.0,9,6,10,2016
2450739,2016-10-10,22,Players and electronics,1.0,0,49.76,0.0,0.0,0.0,0.0,0.0,0.0,0.0,0.0,0.0,0.0,0.0,10,0,10,2016
2452521,2016-10-11,22,Players and electronics,2.0,0,50.72,0.0,0.0,0.0,0.0,0.0,0.0,0.0,0.0,0.0,0.0,0.0,11,1,10,2016
2454303,2016-10-12,22,Players and electronics,4.0,0,50.14,0.0,0.0,0.0,0.0,0.0,0.0,0.0,0.0,0.0,0.0,0.0,12,2,10,2016
2456085,2016-10-13,22,Players and electronics,3.0,0,50.47,0.0,0.0,0.0,0.0,0.0,0.0,0.0,0.0,0.0,0.0,0.0,13,3,10,2016
2457867,2016-10-14,22,Players and electronics,1.0,0,50.35,0.0,0.0,0.0,0.0,0.0,0.0,0.0,0.0,0.0,0.0,0.0,14,4,10,2016
2459649,2016-10-15,22,Players and electronics,5.0,0,50.223333333333336,0.0,0.0,0.0,0.0,0.0,0.0,0.0,0.0,0.0,0.0,0.0,15,5,10,2016
2461431,2016-10-16,22,Players and electronics,9.0,0,50.096666666666664,0.0,0.0,0.0,0.0,0.0,0.0,0.0,0.0,0.0,0.0,0.0,16,6,10,2016
2463213,2016-10-17,22,Players and electronics,4.0,0,49.97,0.0,0.0,0.0,0.0,0.0,0.0,0.0,0.0,0.0,0.0,0.0,17,0,10,2016
2464995,2016-10-18,22,Players and electronics,7.0,0,50.3,0.0,0.0,0.0,0.0,0.0,0.0,0.0,0.0,0.0,0.0,0.0,18,1,10,2016
2466777,2016-10-19,22,Players and electronics,7.0,0,51.59,0.0,0.0,0.0,0.0,0.0,0.0,0.0,0.0,0.0,0.0,0.0,19,2,10,2016
2468559,2016-10-20,22,Players and electronics,8.0,0,50.31,0.0,0.0,0.0,0.0,0.0,0.0,0.0,0.0,0.0,0.0,0.0,20,3,10,2016
2470341,2016-10-21,22,Players and electronics,4.0,0,50.61,0.0,0.0,0.0,0.0,0.0,0.0,0.0,0.0,0.0,0.0,0.0,21,4,10,2016
2472123,2016-10-22,22,Players and electronics,6.0,0,50.46666666666667,0.0,0.0,0.0,0.0,0.0,0.0,0.0,0.0,0.0,0.0,0.0,22,5,10,2016
2473905,2016-10-23,22,Players and electronics,11.0,0,50.32333333333333,0.0,0.0,0.0,0.0,0.0,0.0,0.0,0.0,0.0,0.0,0.0,23,6,10,2016
2475687,2016-10-24,22,Players and electronics,14.0,0,50.18,0.0,0.0,0.0,0.0,0.0,0.0,0.0,0.0,0.0,0.0,0.0,24,0,10,2016
2477469,2016-10-25,22,Players and electronics,4.0,0,49.45,0.0,0.0,0.0,0.0,0.0,0.0,0.0,0.0,0.0,0.0,0.0,25,1,10,2016
2479251,2016-10-26,22,Players and electronics,1.0,0,48.75,0.0,0.0,0.0,0.0,0.0,0.0,0.0,0.0,0.0,0.0,0.0,26,2,10,2016
2481033,2016-10-27,22,Players and electronics,5.0,0,49.71,0.0,0.0,0.0,0.0,0.0,0.0,0.0,0.0,0.0,0.0,0.0,27,3,10,2016
2482815,2016-10-28,22,Players and electronics,1.0,1,48.72,0.0,0.0,0.0,0.0,0.0,0.0,0.0,0.0,0.0,0.0,0.0,28,4,10,2016
2484597,2016-10-29,22,Players and electronics,5.0,2,48.089999999999996,0.0,0.0,0.0,0.0,0.0,0.0,0.0,0.0,0.0,0.0,0.0,29,5,10,2016
2486379,2016-10-30,22,Players and electronics,8.0,5,47.46,0.0,0.0,0.0,0.0,0.0,0.0,0.0,0.0,0.0,0.0,0.0,30,6,10,2016
2488161,2016-10-31,22,Players and electronics,6.0,0,46.83,0.0,0.0,0.0,0.0,0.0,0.0,0.0,0.0,0.0,0.0,0.0,31,0,10,2016
2489943,2016-11-01,22,Players and electronics,4.0,0,46.66,0.0,0.0,0.0,0.0,0.0,0.0,0.0,0.0,0.0,0.0,0.0,1,1,11,2016
2491725,2016-11-02,22,Players and electronics,8.0,0,45.32,0.0,0.0,0.0,0.0,0.0,1.0,0.0,0.0,0.0,0.0,0.0,2,2,11,2016
2493507,2016-11-03,22,Players and electronics,5.0,0,44.66,0.0,0.0,0.0,0.0,0.0,1.0,0.0,0.0,0.0,0.0,0.0,3,3,11,2016
2495289,2016-11-04,22,Players and electronics,5.0,0,44.07,0.0,0.0,1.0,0.0,0.0,0.0,0.0,0.0,0.0,0.0,0.0,4,4,11,2016
2497071,2016-11-05,22,Players and electronics,3.0,0,44.34,0.0,0.0,0.0,0.0,0.0,0.0,0.0,0.0,0.0,0.0,0.0,5,5,11,2016
2498853,2016-11-06,22,Players and electronics,11.0,0,44.61,0.0,0.0,0.0,0.0,0.0,0.0,1.0,0.0,0.0,0.0,0.0,6,6,11,2016
2500635,2016-11-07,22,Players and electronics,3.0,0,44.88,0.0,0.0,0.0,0.0,0.0,0.0,1.0,0.0,0.0,0.0,0.0,7,0,11,2016
2502417,2016-11-08,22,Players and electronics,4.0,0,44.96,0.0,0.0,0.0,0.0,0.0,0.0,0.0,0.0,0.0,0.0,0.0,8,1,11,2016
2504199,2016-11-09,22,Players and electronics,3.0,0,45.2,0.0,0.0,0.0,0.0,0.0,0.0,0.0,0.0,0.0,0.0,0.0,9,2,11,2016
2505981,2016-11-10,22,Players and electronics,2.0,0,44.62,0.0,0.0,0.0,0.0,1.0,0.0,0.0,0.0,0.0,0.0,0.0,10,3,11,2016
2507763,2016-11-11,22,Players and electronics,5.0,0,43.39,0.0,0.0,0.0,0.0,1.0,0.0,0.0,0.0,0.0,0.0,0.0,11,4,11,2016
2509545,2016-11-12,22,Players and electronics,3.0,0,43.35666666666667,0.0,0.0,0.0,0.0,1.0,0.0,0.0,0.0,0.0,0.0,0.0,12,5,11,2016
2511327,2016-11-13,22,Players and electronics,4.0,0,43.32333333333333,0.0,0.0,0.0,0.0,0.0,0.0,0.0,0.0,0.0,0.0,0.0,13,6,11,2016
2513109,2016-11-14,22,Players and electronics,1.0,0,43.29,0.0,0.0,0.0,0.0,0.0,0.0,0.0,0.0,0.0,0.0,0.0,14,0,11,2016
2514891,2016-11-15,22,Players and electronics,1.0,0,45.86,0.0,0.0,0.0,0.0,0.0,0.0,0.0,0.0,0.0,0.0,0.0,15,1,11,2016
2516673,2016-11-16,22,Players and electronics,4.0,0,45.56,0.0,0.0,0.0,0.0,0.0,0.0,0.0,0.0,0.0,0.0,0.0,16,2,11,2016
2518455,2016-11-17,22,Players and electronics,4.0,0,45.37,0.0,0.0,0.0,0.0,0.0,0.0,0.0,0.0,0.0,0.0,0.0,17,3,11,2016
2520237,2016-11-18,22,Players and electronics,5.0,0,45.69,0.0,0.0,0.0,0.0,0.0,0.0,0.0,0.0,0.0,0.0,0.0,18,4,11,2016
2522019,2016-11-19,22,Players and electronics,7.0,0,46.28666666666666,0.0,0.0,0.0,0.0,0.0,0.0,0.0,0.0,0.0,0.0,0.0,19,5,11,2016
2523801,2016-11-20,22,Players and electronics,5.0,0,46.88333333333333,0.0,0.0,0.0,0.0,0.0,0.0,0.0,0.0,0.0,0.0,0.0,20,6,11,2016
2525583,2016-11-21,22,Players and electronics,6.0,0,47.48,0.0,0.0,0.0,0.0,0.0,0.0,0.0,0.0,0.0,0.0,0.0,21,0,11,2016
2527365,2016-11-22,22,Players and electronics,5.0,0,48.07,0.0,0.0,0.0,0.0,0.0,0.0,0.0,0.0,0.0,0.0,0.0,22,1,11,2016
2529147,2016-11-23,22,Players and electronics,2.0,0,46.72,0.0,0.0,0.0,0.0,0.0,0.0,0.0,0.0,0.0,0.0,0.0,23,2,11,2016
2530929,2016-11-24,22,Players and electronics,7.0,0,46.72,0.0,0.0,0.0,0.0,0.0,0.0,0.0,0.0,0.0,0.0,0.0,24,3,11,2016
2532711,2016-11-25,22,Players and electronics,7.0,0,46.72,0.0,0.0,0.0,1.0,0.0,0.0,0.0,0.0,0.0,0.0,0.0,25,4,11,2016
2534493,2016-11-26,22,Players and electronics,4.0,0,46.36666666666667,0.0,0.0,0.0,0.0,0.0,0.0,0.0,0.0,0.0,0.0,0.0,26,5,11,2016
2536275,2016-11-27,22,Players and electronics,5.0,0,46.01333333333333,0.0,0.0,0.0,0.0,0.0,0.0,0.0,0.0,0.0,0.0,0.0,27,6,11,2016
2538057,2016-11-28,22,Players and electronics,5.0,0,45.66,0.0,0.0,0.0,1.0,0.0,0.0,0.0,0.0,0.0,0.0,0.0,28,0,11,2016
2539839,2016-11-29,22,Players and electronics,5.0,0,45.29,0.0,0.0,0.0,0.0,0.0,0.0,0.0,0.0,0.0,0.0,0.0,29,1,11,2016
2541621,2016-11-30,22,Players and electronics,2.0,0,49.41,0.0,0.0,0.0,0.0,0.0,0.0,0.0,0.0,0.0,0.0,0.0,30,2,11,2016
2543403,2016-12-01,22,Players and electronics,14.0,0,51.08,0.0,0.0,0.0,0.0,0.0,0.0,0.0,0.0,0.0,0.0,0.0,1,3,12,2016
2545185,2016-12-02,22,Players and electronics,5.0,0,51.7,0.0,0.0,0.0,0.0,0.0,0.0,0.0,0.0,0.0,0.0,0.0,2,4,12,2016
2546967,2016-12-03,22,Players and electronics,12.0,0,51.70666666666667,0.0,0.0,0.0,0.0,0.0,0.0,0.0,0.0,0.0,0.0,0.0,3,5,12,2016
2548749,2016-12-04,22,Players and electronics,6.0,0,51.71333333333333,0.0,0.0,0.0,0.0,0.0,0.0,0.0,0.0,0.0,0.0,0.0,4,6,12,2016
2550531,2016-12-05,22,Players and electronics,6.0,0,51.72,1.0,0.0,0.0,0.0,0.0,0.0,0.0,0.0,0.0,0.0,0.0,5,0,12,2016
2552313,2016-12-06,22,Players and electronics,9.0,0,50.95,0.0,0.0,0.0,0.0,1.0,0.0,0.0,0.0,0.0,0.0,0.0,6,1,12,2016
2554095,2016-12-07,22,Players and electronics,3.0,0,49.85,0.0,0.0,0.0,0.0,0.0,0.0,0.0,0.0,0.0,0.0,0.0,7,2,12,2016
2555877,2016-12-08,22,Players and electronics,5.0,0,50.84,0.0,0.0,0.0,0.0,1.0,0.0,0.0,0.0,0.0,0.0,0.0,8,3,12,2016
2557659,2016-12-09,22,Players and electronics,6.0,0,51.51,0.0,0.0,0.0,0.0,0.0,0.0,0.0,0.0,0.0,0.0,0.0,9,4,12,2016
2559441,2016-12-10,22,Players and electronics,16.0,0,51.92,0.0,0.0,0.0,0.0,0.0,0.0,0.0,0.0,0.0,0.0,0.0,10,5,12,2016
2561223,2016-12-11,22,Players and electronics,6.0,0,52.33,0.0,0.0,0.0,0.0,0.0,0.0,0.0,0.0,0.0,0.0,0.0,11,6,12,2016
2563005,2016-12-12,22,Players and electronics,7.0,0,52.74,0.0,0.0,0.0,0.0,0.0,0.0,0.0,0.0,0.0,0.0,0.0,12,0,12,2016
2564787,2016-12-13,22,Players and electronics,0.0,0,52.99,0.0,0.0,0.0,0.0,0.0,0.0,0.0,0.0,0.0,0.0,0.0,13,1,12,2016
2566569,2016-12-14,22,Players and electronics,4.0,0,51.01,0.0,0.0,0.0,0.0,0.0,0.0,0.0,0.0,0.0,0.0,0.0,14,2,12,2016
2568351,2016-12-15,22,Players and electronics,4.0,0,50.9,0.0,0.0,0.0,0.0,0.0,0.0,0.0,0.0,0.0,0.0,0.0,15,3,12,2016
2570133,2016-12-16,22,Players and electronics,6.0,0,51.93,0.0,0.0,0.0,0.0,0.0,0.0,0.0,0.0,0.0,0.0,0.0,16,4,12,2016
2571915,2016-12-17,22,Players and electronics,6.0,0,51.99666666666667,0.0,0.0,0.0,0.0,0.0,0.0,0.0,0.0,0.0,0.0,0.0,17,5,12,2016
2573697,2016-12-18,22,Players and electronics,6.0,0,52.06333333333333,0.0,0.0,0.0,0.0,0.0,0.0,0.0,0.0,0.0,0.0,0.0,18,6,12,2016
2575479,2016-12-19,22,Players and electronics,8.0,0,52.13,0.0,0.0,0.0,0.0,0.0,0.0,0.0,0.0,0.0,0.0,0.0,19,0,12,2016
2577261,2016-12-20,22,Players and electronics,6.0,0,52.22,0.0,0.0,0.0,0.0,0.0,0.0,0.0,0.0,0.0,0.0,0.0,20,1,12,2016
2579043,2016-12-21,22,Players and electronics,6.0,0,51.44,0.0,1.0,0.0,0.0,0.0,0.0,0.0,0.0,0.0,0.0,0.0,21,2,12,2016
2580825,2016-12-22,22,Players and electronics,11.0,0,51.98,0.0,1.0,0.0,0.0,1.0,0.0,0.0,0.0,0.0,0.0,0.0,22,3,12,2016
2582607,2016-12-23,22,Players and electronics,5.0,0,52.01,0.0,1.0,0.0,0.0,0.0,0.0,0.0,0.0,0.0,0.0,0.0,23,4,12,2016
2584389,2016-12-24,22,Players and electronics,20.0,0,52.2125,0.0,1.0,0.0,0.0,0.0,0.0,0.0,0.0,0.0,0.0,0.0,24,5,12,2016
2586171,2016-12-26,22,Players and electronics,22.0,0,52.6175,0.0,1.0,0.0,0.0,0.0,0.0,0.0,0.0,0.0,0.0,0.0,26,0,12,2016
2587953,2016-12-27,22,Players and electronics,3.0,0,52.82,0.0,0.0,0.0,0.0,0.0,0.0,0.0,0.0,0.0,0.0,0.0,27,1,12,2016
2589735,2016-12-28,22,Players and electronics,9.0,0,54.01,0.0,0.0,0.0,0.0,0.0,0.0,0.0,0.0,0.0,0.0,0.0,28,2,12,2016
2591517,2016-12-29,22,Players and electronics,3.0,0,53.8,0.0,0.0,0.0,0.0,0.0,0.0,0.0,0.0,0.0,0.0,0.0,29,3,12,2016
2593299,2016-12-30,22,Players and electronics,6.0,0,53.75,0.0,0.0,0.0,0.0,0.0,0.0,0.0,0.0,0.0,0.0,0.0,30,4,12,2016
2595081,2016-12-31,22,Players and electronics,11.0,0,53.4025,0.0,1.0,0.0,0.0,0.0,0.0,0.0,0.0,0.0,0.0,0.0,31,5,12,2016
2598645,2017-01-02,22,Players and electronics,12.0,0,52.707499999999996,0.0,0.0,0.0,0.0,0.0,0.0,0.0,0.0,0.0,0.0,1.0,2,0,1,2017
2600427,2017-01-03,22,Players and electronics,8.0,0,52.36,0.0,0.0,0.0,0.0,0.0,0.0,0.0,0.0,0.0,0.0,0.0,3,1,1,2017
2602209,2017-01-04,22,Players and electronics,13.0,0,53.26,0.0,0.0,0.0,0.0,0.0,0.0,0.0,0.0,0.0,0.0,0.0,4,2,1,2017
2603991,2017-01-05,22,Players and electronics,7.0,0,53.77,0.0,0.0,0.0,0.0,0.0,0.0,0.0,0.0,0.0,0.0,0.0,5,3,1,2017
2605773,2017-01-06,22,Players and electronics,3.0,0,53.98,0.0,0.0,0.0,0.0,0.0,0.0,0.0,0.0,0.0,0.0,0.0,6,4,1,2017
2607555,2017-01-07,22,Players and electronics,7.0,0,53.303333333333335,0.0,0.0,0.0,0.0,0.0,0.0,0.0,0.0,0.0,0.0,0.0,7,5,1,2017
2609337,2017-01-08,22,Players and electronics,13.0,0,52.626666666666665,0.0,0.0,0.0,0.0,0.0,0.0,0.0,0.0,0.0,0.0,0.0,8,6,1,2017
2611119,2017-01-09,22,Players and electronics,5.0,0,51.95,0.0,0.0,0.0,0.0,0.0,0.0,0.0,0.0,0.0,0.0,0.0,9,0,1,2017
2612901,2017-01-10,22,Players and electronics,3.0,0,50.82,0.0,0.0,0.0,0.0,0.0,0.0,0.0,0.0,0.0,0.0,0.0,10,1,1,2017
2614683,2017-01-11,22,Players and electronics,5.0,0,52.19,0.0,0.0,0.0,0.0,0.0,0.0,0.0,0.0,0.0,0.0,0.0,11,2,1,2017
2616465,2017-01-12,22,Players and electronics,11.0,0,53.01,0.0,0.0,0.0,0.0,0.0,0.0,0.0,0.0,0.0,0.0,0.0,12,3,1,2017
2618247,2017-01-13,22,Players and electronics,7.0,0,52.36,0.0,0.0,0.0,0.0,0.0,0.0,0.0,0.0,0.0,0.0,0.0,13,4,1,2017
2620029,2017-01-14,22,Players and electronics,16.0,0,52.3825,0.0,0.0,0.0,0.0,0.0,0.0,0.0,0.0,0.0,0.0,0.0,14,5,1,2017
2621811,2017-01-15,22,Players and electronics,9.0,0,52.405,0.0,0.0,0.0,0.0,0.0,0.0,0.0,0.0,0.0,0.0,0.0,15,6,1,2017
2623593,2017-01-16,22,Players and electronics,10.0,0,52.4275,0.0,0.0,0.0,0.0,0.0,0.0,0.0,0.0,0.0,0.0,0.0,16,0,1,2017
2625375,2017-01-17,22,Players and electronics,6.0,0,52.45,0.0,0.0,0.0,0.0,0.0,0.0,0.0,0.0,0.0,0.0,0.0,17,1,1,2017
2627157,2017-01-18,22,Players and electronics,3.0,0,51.12,0.0,0.0,0.0,0.0,0.0,0.0,0.0,0.0,0.0,0.0,0.0,18,2,1,2017
2628939,2017-01-19,22,Players and electronics,6.0,0,51.39,0.0,0.0,0.0,0.0,0.0,0.0,0.0,0.0,0.0,0.0,0.0,19,3,1,2017
2630721,2017-01-20,22,Players and electronics,3.0,0,52.33,0.0,0.0,0.0,0.0,0.0,0.0,0.0,0.0,0.0,0.0,0.0,20,4,1,2017
2632503,2017-01-21,22,Players and electronics,10.0,0,52.47666666666667,0.0,0.0,0.0,0.0,0.0,0.0,0.0,0.0,0.0,0.0,0.0,21,5,1,2017
2634285,2017-01-22,22,Players and electronics,5.0,0,52.623333333333335,0.0,0.0,0.0,0.0,0.0,0.0,0.0,0.0,0.0,0.0,0.0,22,6,1,2017
2636067,2017-01-23,22,Players and electronics,7.0,0,52.77,0.0,0.0,0.0,0.0,0.0,0.0,0.0,0.0,0.0,0.0,0.0,23,0,1,2017
2637849,2017-01-24,22,Players and electronics,4.0,0,52.38,0.0,0.0,0.0,0.0,0.0,0.0,0.0,0.0,0.0,0.0,0.0,24,1,1,2017
2639631,2017-01-25,22,Players and electronics,1.0,0,52.14,0.0,0.0,0.0,0.0,0.0,0.0,0.0,0.0,0.0,0.0,0.0,25,2,1,2017
2641413,2017-01-26,22,Players and electronics,7.0,0,53.24,0.0,0.0,0.0,0.0,0.0,0.0,0.0,0.0,0.0,0.0,0.0,26,3,1,2017
2643195,2017-01-27,22,Players and electronics,4.0,0,53.18,0.0,0.0,0.0,0.0,0.0,0.0,0.0,0.0,0.0,0.0,0.0,27,4,1,2017
2644977,2017-01-28,22,Players and electronics,11.0,0,52.99666666666667,0.0,0.0,0.0,0.0,0.0,0.0,0.0,0.0,0.0,0.0,0.0,28,5,1,2017
2646759,2017-01-29,22,Players and electronics,18.0,0,52.81333333333333,0.0,0.0,0.0,0.0,0.0,0.0,0.0,0.0,0.0,0.0,0.0,29,6,1,2017
2648541,2017-01-30,22,Players and electronics,13.0,0,52.63,0.0,0.0,0.0,0.0,0.0,0.0,0.0,0.0,0.0,0.0,0.0,30,0,1,2017
2650323,2017-01-31,22,Players and electronics,5.0,0,52.75,0.0,0.0,0.0,0.0,0.0,0.0,0.0,0.0,0.0,0.0,0.0,31,1,1,2017
2652105,2017-02-01,22,Players and electronics,6.0,0,53.9,0.0,0.0,0.0,0.0,0.0,0.0,0.0,0.0,0.0,0.0,0.0,1,2,2,2017
2653887,2017-02-02,22,Players and electronics,3.0,0,53.55,0.0,0.0,0.0,0.0,0.0,0.0,0.0,0.0,0.0,0.0,0.0,2,3,2,2017
2655669,2017-02-03,22,Players and electronics,6.0,0,53.81,0.0,0.0,0.0,0.0,0.0,0.0,0.0,0.0,0.0,0.0,0.0,3,4,2,2017
2657451,2017-02-04,22,Players and electronics,9.0,0,53.54333333333334,0.0,0.0,0.0,0.0,0.0,0.0,0.0,0.0,0.0,0.0,0.0,4,5,2,2017
2659233,2017-02-05,22,Players and electronics,12.0,0,53.276666666666664,0.0,0.0,0.0,0.0,0.0,0.0,0.0,0.0,0.0,0.0,0.0,5,6,2,2017
2661015,2017-02-06,22,Players and electronics,12.0,0,53.01,0.0,0.0,0.0,0.0,0.0,0.0,0.0,0.0,0.0,0.0,0.0,6,0,2,2017
2662797,2017-02-07,22,Players and electronics,10.0,0,52.19,0.0,0.0,0.0,0.0,0.0,0.0,0.0,0.0,0.0,0.0,0.0,7,1,2,2017
2664579,2017-02-08,22,Players and electronics,9.0,0,52.37,0.0,0.0,0.0,0.0,0.0,0.0,0.0,0.0,0.0,0.0,0.0,8,2,2,2017
2666361,2017-02-09,22,Players and electronics,3.0,0,52.99,0.0,0.0,0.0,0.0,0.0,0.0,0.0,0.0,0.0,0.0,0.0,9,3,2,2017
2668143,2017-02-10,22,Players and electronics,14.0,0,53.84,0.0,0.0,0.0,0.0,0.0,0.0,0.0,0.0,0.0,0.0,0.0,10,4,2,2017
2669925,2017-02-11,22,Players and electronics,12.0,0,53.54666666666667,0.0,0.0,0.0,0.0,0.0,0.0,0.0,0.0,0.0,0.0,0.0,11,5,2,2017
2671707,2017-02-12,22,Players and electronics,4.0,0,53.25333333333334,0.0,0.0,0.0,0.0,0.0,0.0,0.0,0.0,0.0,0.0,0.0,12,6,2,2017
2673489,2017-02-13,22,Players and electronics,4.0,0,52.96,0.0,0.0,0.0,0.0,0.0,0.0,0.0,0.0,0.0,0.0,0.0,13,0,2,2017
2675271,2017-02-14,22,Players and electronics,4.0,0,53.21,0.0,0.0,0.0,0.0,0.0,0.0,0.0,0.0,0.0,0.0,0.0,14,1,2,2017
2677053,2017-02-15,22,Players and electronics,3.0,0,53.11,0.0,0.0,0.0,0.0,0.0,0.0,0.0,0.0,0.0,0.0,0.0,15,2,2,2017
2678835,2017-02-16,22,Players and electronics,4.0,0,53.41,0.0,0.0,0.0,0.0,0.0,0.0,0.0,0.0,0.0,0.0,0.0,16,3,2,2017
2680617,2017-02-17,22,Players and electronics,2.0,0,53.41,0.0,0.0,0.0,0.0,0.0,0.0,0.0,0.0,0.0,0.0,0.0,17,4,2,2017
2682399,2017-02-18,22,Players and electronics,7.0,0,53.5625,0.0,0.0,0.0,0.0,0.0,0.0,0.0,0.0,0.0,0.0,0.0,18,5,2,2017
2684181,2017-02-19,22,Players and electronics,5.0,0,53.715,0.0,0.0,0.0,0.0,0.0,0.0,0.0,0.0,0.0,0.0,0.0,19,6,2,2017
2685963,2017-02-20,22,Players and electronics,7.0,0,53.8675,0.0,0.0,0.0,0.0,0.0,0.0,0.0,0.0,0.0,0.0,0.0,20,0,2,2017
2687745,2017-02-21,22,Players and electronics,3.0,0,54.02,0.0,0.0,0.0,0.0,0.0,0.0,0.0,0.0,0.0,0.0,0.0,21,1,2,2017
2689527,2017-02-22,22,Players and electronics,4.0,0,53.61,0.0,0.0,0.0,0.0,0.0,0.0,0.0,0.0,0.0,0.0,0.0,22,2,2,2017
2691309,2017-02-23,22,Players and electronics,5.0,0,54.48,0.0,0.0,0.0,0.0,0.0,0.0,0.0,0.0,0.0,0.0,0.0,23,3,2,2017
2693091,2017-02-24,22,Players and electronics,4.0,0,53.99,0.0,0.0,0.0,0.0,0.0,0.0,0.0,0.0,0.0,0.0,0.0,24,4,2,2017
2694873,2017-02-25,22,Players and electronics,8.0,0,54.00666666666667,0.0,0.0,0.0,0.0,0.0,0.0,0.0,0.0,0.0,0.0,0.0,25,5,2,2017
2696655,2017-02-26,22,Players and electronics,4.0,0,54.02333333333333,0.0,0.0,0.0,0.0,0.0,0.0,0.0,0.0,0.0,0.0,0.0,26,6,2,2017
2698437,2017-02-27,22,Players and electronics,2.0,0,54.04,0.0,0.0,0.0,0.0,0.0,1.0,0.0,0.0,0.0,0.0,0.0,27,0,2,2017
2700219,2017-02-28,22,Players and electronics,9.0,0,54.0,0.0,0.0,0.0,0.0,0.0,1.0,0.0,0.0,0.0,0.0,0.0,28,1,2,2017
2702001,2017-03-01,22,Players and electronics,9.0,0,53.82,0.0,0.0,0.0,0.0,0.0,0.0,0.0,0.0,0.0,0.0,0.0,1,2,3,2017
2703783,2017-03-02,22,Players and electronics,5.0,0,52.63,0.0,0.0,0.0,0.0,1.0,0.0,0.0,0.0,0.0,0.0,0.0,2,3,3,2017
2705565,2017-03-03,22,Players and electronics,10.0,0,53.33,0.0,0.0,0.0,0.0,0.0,0.0,0.0,0.0,0.0,0.0,0.0,3,4,3,2017
2707347,2017-03-04,22,Players and electronics,12.0,0,53.28333333333333,0.0,0.0,0.0,0.0,0.0,0.0,0.0,0.0,0.0,0.0,0.0,4,5,3,2017
2709129,2017-03-05,22,Players and electronics,4.0,0,53.236666666666665,0.0,0.0,0.0,0.0,0.0,0.0,0.0,0.0,0.0,0.0,0.0,5,6,3,2017
2710911,2017-03-06,22,Players and electronics,6.0,0,53.19,0.0,0.0,0.0,0.0,0.0,0.0,0.0,0.0,0.0,0.0,0.0,6,0,3,2017
2712693,2017-03-07,22,Players and electronics,10.0,0,52.68,0.0,0.0,0.0,0.0,0.0,0.0,0.0,0.0,0.0,0.0,0.0,7,1,3,2017
2714475,2017-03-08,22,Players and electronics,4.0,0,49.83,0.0,0.0,0.0,0.0,0.0,0.0,0.0,0.0,0.0,0.0,0.0,8,2,3,2017
2716257,2017-03-09,22,Players and electronics,3.0,0,48.75,0.0,0.0,0.0,0.0,0.0,0.0,0.0,0.0,0.0,0.0,0.0,9,3,3,2017
2718039,2017-03-10,22,Players and electronics,2.0,0,48.05,0.0,0.0,0.0,0.0,0.0,0.0,0.0,0.0,0.0,0.0,0.0,10,4,3,2017
2719821,2017-03-11,22,Players and electronics,8.0,0,48.016666666666666,0.0,0.0,0.0,0.0,0.0,0.0,0.0,0.0,0.0,0.0,0.0,11,5,3,2017
2721603,2017-03-12,22,Players and electronics,5.0,0,47.983333333333334,0.0,0.0,0.0,0.0,0.0,0.0,0.0,0.0,0.0,0.0,0.0,12,6,3,2017
2723385,2017-03-13,22,Players and electronics,3.0,0,47.95,0.0,0.0,0.0,0.0,0.0,0.0,0.0,0.0,0.0,0.0,0.0,13,0,3,2017
2725167,2017-03-14,22,Players and electronics,4.0,0,47.24,0.0,0.0,0.0,0.0,0.0,0.0,0.0,0.0,0.0,0.0,0.0,14,1,3,2017
2726949,2017-03-15,22,Players and electronics,0.0,0,48.34,0.0,0.0,0.0,0.0,0.0,0.0,0.0,0.0,0.0,0.0,0.0,15,2,3,2017
2728731,2017-03-16,22,Players and electronics,3.0,0,48.3,0.0,0.0,0.0,0.0,0.0,0.0,0.0,0.0,0.0,0.0,0.0,16,3,3,2017
2730513,2017-03-17,22,Players and electronics,7.0,0,48.34,0.0,0.0,0.0,0.0,0.0,0.0,0.0,0.0,0.0,0.0,0.0,17,4,3,2017
2732295,2017-03-18,22,Players and electronics,6.0,0,48.156666666666666,0.0,0.0,0.0,0.0,0.0,0.0,0.0,0.0,0.0,0.0,0.0,18,5,3,2017
2734077,2017-03-19,22,Players and electronics,22.0,0,47.973333333333336,0.0,0.0,0.0,0.0,0.0,0.0,0.0,0.0,0.0,0.0,0.0,19,6,3,2017
2735859,2017-03-20,22,Players and electronics,7.0,0,47.79,0.0,0.0,0.0,0.0,0.0,0.0,0.0,0.0,0.0,0.0,0.0,20,0,3,2017
2737641,2017-03-21,22,Players and electronics,9.0,0,47.02,0.0,0.0,0.0,0.0,0.0,0.0,0.0,0.0,0.0,0.0,0.0,21,1,3,2017
2739423,2017-03-22,22,Players and electronics,8.0,0,47.29,0.0,0.0,0.0,0.0,0.0,0.0,0.0,0.0,0.0,0.0,0.0,22,2,3,2017
2741205,2017-03-23,22,Players and electronics,4.0,0,47.0,0.0,0.0,0.0,0.0,0.0,0.0,0.0,0.0,0.0,0.0,0.0,23,3,3,2017
2742987,2017-03-24,22,Players and electronics,3.0,0,47.3,0.0,0.0,0.0,0.0,0.0,0.0,0.0,0.0,0.0,0.0,0.0,24,4,3,2017
2744769,2017-03-25,22,Players and electronics,5.0,0,47.20666666666666,0.0,0.0,0.0,0.0,0.0,0.0,0.0,0.0,0.0,0.0,0.0,25,5,3,2017
2746551,2017-03-26,22,Players and electronics,7.0,0,47.11333333333334,0.0,0.0,0.0,0.0,0.0,0.0,0.0,0.0,0.0,0.0,0.0,26,6,3,2017
2748333,2017-03-27,22,Players and electronics,6.0,0,47.02,0.0,0.0,0.0,0.0,0.0,0.0,0.0,0.0,0.0,0.0,0.0,27,0,3,2017
2750115,2017-03-28,22,Players and electronics,3.0,0,48.36,0.0,0.0,0.0,0.0,0.0,0.0,0.0,0.0,0.0,0.0,0.0,28,1,3,2017
2751897,2017-03-29,22,Players and electronics,7.0,0,49.47,0.0,0.0,0.0,0.0,0.0,0.0,0.0,0.0,0.0,0.0,0.0,29,2,3,2017
2753679,2017-03-30,22,Players and electronics,8.0,0,50.3,0.0,0.0,0.0,0.0,0.0,0.0,0.0,0.0,0.0,0.0,0.0,30,3,3,2017
2755461,2017-03-31,22,Players and electronics,3.0,0,50.54,0.0,0.0,0.0,0.0,0.0,0.0,0.0,0.0,0.0,0.0,0.0,31,4,3,2017
2757243,2017-04-01,22,Players and electronics,14.0,0,50.443333333333335,0.0,0.0,0.0,0.0,0.0,0.0,1.0,0.0,0.0,0.0,0.0,1,5,4,2017
2759025,2017-04-02,22,Players and electronics,7.0,0,50.346666666666664,0.0,0.0,0.0,0.0,0.0,0.0,0.0,0.0,0.0,0.0,0.0,2,6,4,2017
2760807,2017-04-03,22,Players and electronics,13.0,0,50.25,0.0,0.0,0.0,0.0,0.0,0.0,0.0,0.0,0.0,0.0,0.0,3,0,4,2017
2762589,2017-04-04,22,Players and electronics,5.0,0,50.99,0.0,0.0,0.0,0.0,0.0,0.0,0.0,0.0,0.0,0.0,0.0,4,1,4,2017
2764371,2017-04-05,22,Players and electronics,3.0,0,51.14,0.0,0.0,0.0,0.0,0.0,0.0,0.0,0.0,0.0,0.0,0.0,5,2,4,2017
2766153,2017-04-06,22,Players and electronics,8.0,0,51.69,0.0,0.0,0.0,0.0,0.0,0.0,0.0,0.0,0.0,0.0,0.0,6,3,4,2017
2767935,2017-04-07,22,Players and electronics,6.0,0,52.25,0.0,0.0,0.0,0.0,0.0,0.0,0.0,0.0,0.0,0.0,0.0,7,4,4,2017
2769717,2017-04-08,22,Players and electronics,11.0,0,52.52,0.0,0.0,0.0,0.0,0.0,0.0,0.0,0.0,0.0,0.0,0.0,8,5,4,2017
2771499,2017-04-09,22,Players and electronics,21.0,0,52.79,0.0,0.0,0.0,0.0,0.0,0.0,0.0,0.0,0.0,0.0,0.0,9,6,4,2017
2773281,2017-04-10,22,Players and electronics,12.0,0,53.06,0.0,0.0,0.0,0.0,0.0,0.0,0.0,0.0,0.0,0.0,0.0,10,0,4,2017
2775063,2017-04-11,22,Players and electronics,8.0,0,53.38,0.0,0.0,0.0,0.0,0.0,0.0,0.0,0.0,0.0,0.0,0.0,11,1,4,2017
2776845,2017-04-12,22,Players and electronics,5.0,0,53.12,0.0,0.0,0.0,0.0,0.0,0.0,0.0,1.0,0.0,0.0,0.0,12,2,4,2017
2778627,2017-04-13,22,Players and electronics,5.0,0,53.19,0.0,0.0,0.0,0.0,0.0,0.0,0.0,0.0,0.0,1.0,0.0,13,3,4,2017
2780409,2017-04-14,22,Players and electronics,4.0,0,53.0475,0.0,0.0,0.0,0.0,1.0,1.0,0.0,0.0,0.0,0.0,0.0,14,4,4,2017
2782191,2017-04-15,22,Players and electronics,7.0,0,52.905,0.0,0.0,0.0,0.0,0.0,0.0,0.0,0.0,0.0,0.0,0.0,15,5,4,2017
2783973,2017-04-16,22,Players and electronics,7.0,0,52.762499999999996,0.0,0.0,0.0,0.0,0.0,0.0,0.0,0.0,0.0,0.0,0.0,16,6,4,2017
2785755,2017-04-17,22,Players and electronics,8.0,0,52.62,0.0,0.0,0.0,0.0,0.0,0.0,0.0,0.0,0.0,0.0,0.0,17,0,4,2017
2787537,2017-04-18,22,Players and electronics,7.0,0,52.46,0.0,0.0,0.0,0.0,0.0,0.0,0.0,0.0,0.0,0.0,0.0,18,1,4,2017
2789319,2017-04-19,22,Players and electronics,3.0,0,50.49,0.0,0.0,0.0,0.0,0.0,0.0,0.0,0.0,0.0,0.0,0.0,19,2,4,2017
2791101,2017-04-20,22,Players and electronics,2.0,0,50.26,0.0,0.0,0.0,0.0,0.0,0.0,0.0,0.0,0.0,0.0,0.0,20,3,4,2017
2792883,2017-04-21,22,Players and electronics,7.0,0,49.64,0.0,0.0,0.0,0.0,1.0,0.0,0.0,0.0,0.0,0.0,0.0,21,4,4,2017
2794665,2017-04-22,22,Players and electronics,6.0,0,49.39333333333333,0.0,0.0,0.0,0.0,0.0,0.0,0.0,0.0,0.0,0.0,0.0,22,5,4,2017
2796447,2017-04-23,22,Players and electronics,10.0,0,49.14666666666667,0.0,0.0,0.0,0.0,0.0,0.0,0.0,0.0,0.0,0.0,0.0,23,6,4,2017
2798229,2017-04-24,22,Players and electronics,7.0,0,48.9,0.0,0.0,0.0,0.0,0.0,0.0,0.0,0.0,0.0,0.0,0.0,24,0,4,2017
2800011,2017-04-25,22,Players and electronics,5.0,0,49.22,0.0,0.0,0.0,0.0,0.0,0.0,0.0,0.0,0.0,0.0,0.0,25,1,4,2017
2801793,2017-04-26,22,Players and electronics,4.0,0,49.22,0.0,0.0,0.0,0.0,0.0,0.0,0.0,0.0,0.0,0.0,0.0,26,2,4,2017
2803575,2017-04-27,22,Players and electronics,8.0,0,48.96,0.0,0.0,0.0,0.0,0.0,0.0,0.0,0.0,0.0,0.0,0.0,27,3,4,2017
2805357,2017-04-28,22,Players and electronics,4.0,0,49.31,0.0,0.0,0.0,0.0,0.0,0.0,0.0,0.0,0.0,0.0,0.0,28,4,4,2017
2807139,2017-04-29,22,Players and electronics,8.0,0,49.15,0.0,0.0,0.0,0.0,0.0,0.0,0.0,0.0,0.0,0.0,0.0,29,5,4,2017
2808921,2017-04-30,22,Players and electronics,11.0,0,48.99,0.0,0.0,0.0,0.0,0.0,0.0,0.0,0.0,0.0,0.0,0.0,30,6,4,2017
2810703,2017-05-01,22,Players and electronics,17.0,0,48.83,0.0,0.0,0.0,0.0,0.0,1.0,0.0,0.0,0.0,0.0,0.0,1,0,5,2017
2812485,2017-05-02,22,Players and electronics,7.0,0,47.65,0.0,0.0,0.0,0.0,0.0,0.0,0.0,0.0,0.0,0.0,0.0,2,1,5,2017
2814267,2017-05-03,22,Players and electronics,6.0,0,47.79,0.0,0.0,0.0,0.0,0.0,0.0,0.0,0.0,0.0,0.0,0.0,3,2,5,2017
2816049,2017-05-04,22,Players and electronics,5.0,0,45.55,0.0,0.0,0.0,0.0,0.0,0.0,0.0,0.0,0.0,0.0,0.0,4,3,5,2017
2817831,2017-05-05,22,Players and electronics,3.0,0,46.23,0.0,0.0,0.0,0.0,0.0,0.0,0.0,0.0,0.0,0.0,0.0,5,4,5,2017
2819613,2017-05-06,22,Players and electronics,7.0,0,46.306666666666665,0.0,0.0,0.0,0.0,0.0,0.0,0.0,0.0,0.0,0.0,0.0,6,5,5,2017
2821395,2017-05-07,22,Players and electronics,5.0,0,46.38333333333333,0.0,0.0,0.0,0.0,0.0,0.0,0.0,0.0,0.0,0.0,0.0,7,6,5,2017
2823177,2017-05-08,22,Players and electronics,6.0,0,46.46,0.0,0.0,0.0,0.0,0.0,0.0,0.0,0.0,0.0,0.0,0.0,8,0,5,2017
2824959,2017-05-09,22,Players and electronics,2.0,0,45.84,0.0,0.0,0.0,0.0,0.0,0.0,0.0,0.0,0.0,0.0,0.0,9,1,5,2017
2826741,2017-05-10,22,Players and electronics,0.0,0,47.28,0.0,0.0,0.0,0.0,0.0,0.0,0.0,0.0,0.0,0.0,0.0,10,2,5,2017
2828523,2017-05-11,22,Players and electronics,6.0,0,47.81,0.0,0.0,0.0,0.0,0.0,0.0,0.0,0.0,0.0,0.0,0.0,11,3,5,2017
2830305,2017-05-12,22,Players and electronics,4.0,0,47.83,0.0,0.0,0.0,0.0,1.0,0.0,0.0,0.0,0.0,0.0,0.0,12,4,5,2017
2832087,2017-05-13,22,Players and electronics,6.0,0,48.17333333333333,0.0,1.0,0.0,0.0,0.0,0.0,0.0,0.0,0.0,0.0,0.0,13,5,5,2017
2833869,2017-05-14,22,Players and electronics,5.0,0,48.516666666666666,0.0,0.0,0.0,1.0,0.0,0.0,0.0,0.0,0.0,0.0,0.0,14,6,5,2017
2835651,2017-05-15,22,Players and electronics,2.0,0,48.86,0.0,0.0,0.0,0.0,0.0,0.0,0.0,0.0,0.0,0.0,0.0,15,0,5,2017
2837433,2017-05-16,22,Players and electronics,9.0,0,48.64,0.0,0.0,0.0,0.0,0.0,0.0,0.0,0.0,0.0,0.0,0.0,16,1,5,2017
2839215,2017-05-17,22,Players and electronics,5.0,0,49.04,0.0,0.0,0.0,0.0,0.0,0.0,0.0,0.0,0.0,0.0,0.0,17,2,5,2017
2840997,2017-05-18,22,Players and electronics,2.0,0,49.36,0.0,0.0,0.0,0.0,0.0,0.0,0.0,0.0,0.0,0.0,0.0,18,3,5,2017
2842779,2017-05-19,22,Players and electronics,3.0,0,50.32,0.0,0.0,0.0,0.0,0.0,0.0,0.0,0.0,0.0,0.0,0.0,19,4,5,2017
2844561,2017-05-20,22,Players and electronics,5.0,0,50.483333333333334,0.0,0.0,0.0,0.0,0.0,0.0,0.0,0.0,0.0,0.0,0.0,20,5,5,2017
2846343,2017-05-21,22,Players and electronics,4.0,0,50.64666666666667,0.0,0.0,0.0,0.0,0.0,0.0,0.0,0.0,0.0,0.0,0.0,21,6,5,2017
2848125,2017-05-22,22,Players and electronics,6.0,0,50.81,0.0,0.0,0.0,0.0,0.0,0.0,0.0,0.0,0.0,0.0,0.0,22,0,5,2017
2849907,2017-05-23,22,Players and electronics,5.0,0,51.12,0.0,0.0,0.0,0.0,0.0,0.0,0.0,0.0,0.0,0.0,0.0,23,1,5,2017
2851689,2017-05-24,22,Players and electronics,6.0,0,50.99,0.0,0.0,0.0,0.0,0.0,0.0,0.0,0.0,1.0,0.0,0.0,24,2,5,2017
2853471,2017-05-25,22,Players and electronics,5.0,0,48.57,0.0,0.0,0.0,0.0,0.0,0.0,0.0,0.0,0.0,0.0,0.0,25,3,5,2017
2855253,2017-05-26,22,Players and electronics,6.0,0,49.58,0.0,0.0,0.0,0.0,0.0,0.0,0.0,0.0,0.0,0.0,1.0,26,4,5,2017
2857035,2017-05-27,22,Players and electronics,4.0,0,49.5925,0.0,0.0,0.0,0.0,0.0,0.0,0.0,0.0,0.0,0.0,0.0,27,5,5,2017
2858817,2017-05-28,22,Players and electronics,6.0,0,49.605000000000004,0.0,0.0,0.0,0.0,0.0,0.0,0.0,0.0,0.0,0.0,0.0,28,6,5,2017
2860599,2017-05-29,22,Players and electronics,4.0,0,49.6175,0.0,0.0,0.0,0.0,0.0,0.0,0.0,0.0,0.0,0.0,0.0,29,0,5,2017
2862381,2017-05-30,22,Players and electronics,4.0,0,49.63,0.0,0.0,0.0,0.0,0.0,0.0,0.0,0.0,0.0,0.0,0.0,30,1,5,2017
2864163,2017-05-31,22,Players and electronics,4.0,0,48.29,0.0,0.0,0.0,0.0,0.0,0.0,0.0,0.0,0.0,0.0,0.0,31,2,5,2017
2865945,2017-06-01,22,Players and electronics,8.0,0,48.32,0.0,0.0,0.0,0.0,0.0,0.0,0.0,0.0,0.0,0.0,0.0,1,3,6,2017
2867727,2017-06-02,22,Players and electronics,4.0,0,47.68,0.0,0.0,0.0,0.0,0.0,0.0,0.0,0.0,0.0,0.0,0.0,2,4,6,2017
2869509,2017-06-03,22,Players and electronics,4.0,0,47.586666666666666,0.0,0.0,0.0,0.0,0.0,0.0,0.0,0.0,0.0,0.0,0.0,3,5,6,2017
2871291,2017-06-04,22,Players and electronics,22.0,0,47.49333333333333,0.0,0.0,0.0,0.0,0.0,0.0,0.0,0.0,0.0,0.0,0.0,4,6,6,2017
2873073,2017-06-05,22,Players and electronics,6.0,0,47.4,0.0,0.0,0.0,0.0,0.0,0.0,0.0,0.0,0.0,0.0,0.0,5,0,6,2017
2874855,2017-06-06,22,Players and electronics,7.0,0,48.13,0.0,0.0,0.0,0.0,0.0,0.0,0.0,0.0,0.0,0.0,0.0,6,1,6,2017
2876637,2017-06-07,22,Players and electronics,11.0,1,45.8,0.0,0.0,0.0,0.0,0.0,0.0,0.0,0.0,0.0,0.0,0.0,7,2,6,2017
2878419,2017-06-08,22,Players and electronics,5.0,0,45.68,0.0,0.0,0.0,0.0,0.0,0.0,0.0,0.0,0.0,0.0,0.0,8,3,6,2017
2880201,2017-06-09,22,Players and electronics,10.0,0,45.82,0.0,0.0,0.0,0.0,0.0,0.0,0.0,0.0,0.0,0.0,0.0,9,4,6,2017
2881983,2017-06-10,22,Players and electronics,4.0,0,45.913333333333334,0.0,0.0,0.0,0.0,0.0,0.0,0.0,0.0,0.0,0.0,0.0,10,5,6,2017
2883765,2017-06-11,22,Players and electronics,9.0,0,46.00666666666667,0.0,0.0,0.0,0.0,0.0,0.0,0.0,0.0,0.0,0.0,0.0,11,6,6,2017
2885547,2017-06-12,22,Players and electronics,4.0,0,46.1,0.0,0.0,0.0,0.0,0.0,0.0,0.0,0.0,0.0,0.0,0.0,12,0,6,2017
2887329,2017-06-13,22,Players and electronics,13.0,0,46.41,0.0,0.0,0.0,0.0,0.0,0.0,0.0,0.0,0.0,0.0,0.0,13,1,6,2017
2889111,2017-06-14,22,Players and electronics,6.0,0,44.79,0.0,0.0,0.0,0.0,0.0,0.0,0.0,0.0,0.0,0.0,0.0,14,2,6,2017
2890893,2017-06-15,22,Players and electronics,3.0,0,44.47,0.0,0.0,0.0,0.0,0.0,0.0,0.0,0.0,0.0,0.0,0.0,15,3,6,2017
2892675,2017-06-16,22,Players and electronics,4.0,0,44.73,0.0,0.0,0.0,0.0,0.0,0.0,0.0,0.0,0.0,0.0,0.0,16,4,6,2017
2894457,2017-06-17,22,Players and electronics,11.0,0,44.56666666666666,0.0,0.0,0.0,0.0,0.0,0.0,0.0,0.0,0.0,0.0,0.0,17,5,6,2017
2896239,2017-06-18,22,Players and electronics,4.0,0,44.403333333333336,0.0,0.0,0.0,0.0,0.0,0.0,0.0,0.0,0.0,0.0,0.0,18,6,6,2017
2898021,2017-06-19,22,Players and electronics,6.0,0,44.24,0.0,0.0,0.0,0.0,0.0,0.0,0.0,0.0,0.0,0.0,0.0,19,0,6,2017
2899803,2017-06-20,22,Players and electronics,1.0,0,43.34,0.0,0.0,0.0,0.0,0.0,0.0,0.0,0.0,0.0,0.0,0.0,20,1,6,2017
2901585,2017-06-21,22,Players and electronics,1.0,0,42.48,0.0,0.0,0.0,0.0,0.0,0.0,0.0,0.0,0.0,0.0,0.0,21,2,6,2017
2903367,2017-06-22,22,Players and electronics,2.0,0,42.53,0.0,0.0,0.0,0.0,0.0,0.0,0.0,0.0,0.0,0.0,0.0,22,3,6,2017
2905149,2017-06-23,22,Players and electronics,7.0,0,42.86,0.0,0.0,0.0,0.0,1.0,0.0,0.0,0.0,0.0,0.0,0.0,23,4,6,2017
2906931,2017-06-24,22,Players and electronics,5.0,0,42.986666666666665,0.0,0.0,0.0,0.0,0.0,0.0,0.0,0.0,0.0,0.0,0.0,24,5,6,2017
2908713,2017-06-25,22,Players and electronics,9.0,0,43.11333333333334,0.0,0.0,0.0,0.0,2.0,0.0,1.0,0.0,0.0,0.0,0.0,25,6,6,2017
2910495,2017-06-26,22,Players and electronics,3.0,0,43.24,0.0,0.0,0.0,0.0,0.0,0.0,0.0,0.0,0.0,0.0,0.0,26,0,6,2017
2912277,2017-06-27,22,Players and electronics,11.0,1,44.25,0.0,0.0,0.0,0.0,0.0,0.0,0.0,0.0,0.0,0.0,0.0,27,1,6,2017
2914059,2017-06-28,22,Players and electronics,5.0,0,44.74,0.0,0.0,0.0,0.0,0.0,0.0,0.0,0.0,0.0,0.0,0.0,28,2,6,2017
2915841,2017-06-29,22,Players and electronics,5.0,0,44.88,0.0,0.0,0.0,0.0,0.0,0.0,0.0,0.0,0.0,0.0,0.0,29,3,6,2017
2917623,2017-06-30,22,Players and electronics,4.0,0,46.02,0.0,0.0,0.0,0.0,0.0,0.0,0.0,0.0,0.0,0.0,0.0,30,4,6,2017
2919405,2017-07-01,22,Players and electronics,9.0,0,45.838,0.0,0.0,0.0,0.0,0.0,0.0,0.0,0.0,0.0,0.0,0.0,1,5,7,2017
2921187,2017-07-02,22,Players and electronics,7.0,0,45.656,0.0,0.0,0.0,0.0,0.0,0.0,0.0,0.0,0.0,0.0,0.0,2,6,7,2017
2922969,2017-07-03,22,Players and electronics,7.0,0,45.474000000000004,0.0,0.0,0.0,0.0,2.0,0.0,0.0,0.0,0.0,0.0,0.0,3,0,7,2017
2924751,2017-07-04,22,Players and electronics,9.0,0,45.292,0.0,0.0,0.0,0.0,0.0,0.0,0.0,0.0,0.0,0.0,0.0,4,1,7,2017
2926533,2017-07-05,22,Players and electronics,6.0,0,45.11,0.0,0.0,0.0,0.0,0.0,0.0,0.0,0.0,0.0,0.0,0.0,5,2,7,2017
2928315,2017-07-06,22,Players and electronics,1.0,0,45.52,0.0,0.0,0.0,0.0,0.0,0.0,0.0,0.0,0.0,0.0,0.0,6,3,7,2017
2930097,2017-07-07,22,Players and electronics,8.0,0,44.25,0.0,0.0,0.0,0.0,0.0,0.0,0.0,0.0,0.0,0.0,0.0,7,4,7,2017
2931879,2017-07-08,22,Players and electronics,13.0,0,44.3,0.0,0.0,0.0,0.0,0.0,0.0,0.0,0.0,0.0,0.0,0.0,8,5,7,2017
2933661,2017-07-09,22,Players and electronics,8.0,0,44.35,0.0,0.0,0.0,0.0,0.0,0.0,0.0,0.0,0.0,0.0,0.0,9,6,7,2017
2935443,2017-07-10,22,Players and electronics,2.0,0,44.4,0.0,0.0,0.0,0.0,0.0,0.0,0.0,0.0,0.0,0.0,0.0,10,0,7,2017
2937225,2017-07-11,22,Players and electronics,14.0,0,45.06,0.0,0.0,0.0,0.0,0.0,0.0,0.0,0.0,0.0,0.0,0.0,11,1,7,2017
2939007,2017-07-12,22,Players and electronics,3.0,0,45.48,0.0,0.0,0.0,0.0,0.0,0.0,0.0,0.0,0.0,0.0,0.0,12,2,7,2017
2940789,2017-07-13,22,Players and electronics,3.0,0,46.06,0.0,0.0,0.0,0.0,0.0,0.0,0.0,0.0,0.0,0.0,0.0,13,3,7,2017
2942571,2017-07-14,22,Players and electronics,1.0,0,46.53,0.0,0.0,0.0,0.0,0.0,0.0,0.0,0.0,0.0,0.0,0.0,14,4,7,2017
2944353,2017-07-15,22,Players and electronics,4.0,0,46.36,0.0,0.0,0.0,0.0,0.0,0.0,0.0,0.0,0.0,0.0,0.0,15,5,7,2017
2946135,2017-07-16,22,Players and electronics,11.0,0,46.190000000000005,0.0,0.0,0.0,0.0,0.0,0.0,0.0,0.0,0.0,0.0,0.0,16,6,7,2017
2947917,2017-07-17,22,Players and electronics,7.0,0,46.02,0.0,0.0,0.0,0.0,0.0,0.0,0.0,0.0,0.0,0.0,0.0,17,0,7,2017
2949699,2017-07-18,22,Players and electronics,5.0,0,46.4,0.0,0.0,0.0,0.0,0.0,0.0,0.0,0.0,0.0,0.0,0.0,18,1,7,2017
2951481,2017-07-19,22,Players and electronics,4.0,0,47.1,0.0,0.0,0.0,0.0,0.0,0.0,0.0,0.0,0.0,0.0,0.0,19,2,7,2017
2953263,2017-07-20,22,Players and electronics,12.0,0,46.73,0.0,0.0,0.0,0.0,0.0,0.0,0.0,0.0,0.0,0.0,0.0,20,3,7,2017
2955045,2017-07-21,22,Players and electronics,3.0,0,45.78,0.0,0.0,0.0,0.0,0.0,0.0,0.0,0.0,0.0,0.0,0.0,21,4,7,2017
2956827,2017-07-22,22,Players and electronics,7.0,0,45.92333333333333,0.0,0.0,0.0,0.0,0.0,0.0,0.0,0.0,0.0,0.0,0.0,22,5,7,2017
2958609,2017-07-23,22,Players and electronics,11.0,0,46.06666666666667,0.0,0.0,0.0,0.0,1.0,0.0,0.0,0.0,0.0,0.0,0.0,23,6,7,2017
2960391,2017-07-24,22,Players and electronics,6.0,0,46.21,1.0,0.0,0.0,0.0,0.0,0.0,0.0,0.0,0.0,0.0,0.0,24,0,7,2017
2962173,2017-07-25,22,Players and electronics,5.0,0,47.77,1.0,0.0,0.0,0.0,0.0,0.0,0.0,0.0,0.0,0.0,0.0,25,1,7,2017
2963955,2017-07-26,22,Players and electronics,2.0,0,48.58,0.0,0.0,0.0,0.0,0.0,0.0,0.0,0.0,0.0,0.0,0.0,26,2,7,2017
2965737,2017-07-27,22,Players and electronics,8.0,0,49.05,0.0,0.0,0.0,0.0,0.0,0.0,0.0,0.0,0.0,0.0,0.0,27,3,7,2017
2967519,2017-07-28,22,Players and electronics,3.0,0,49.72,0.0,0.0,0.0,0.0,0.0,0.0,0.0,0.0,0.0,0.0,0.0,28,4,7,2017
2969301,2017-07-29,22,Players and electronics,2.0,0,49.88333333333333,0.0,0.0,0.0,0.0,0.0,0.0,0.0,0.0,0.0,0.0,0.0,29,5,7,2017
2971083,2017-07-30,22,Players and electronics,7.0,0,50.04666666666667,0.0,0.0,0.0,0.0,0.0,0.0,0.0,0.0,0.0,0.0,0.0,30,6,7,2017
2972865,2017-07-31,22,Players and electronics,1.0,0,50.21,0.0,0.0,0.0,0.0,0.0,0.0,0.0,0.0,0.0,0.0,0.0,31,0,7,2017
2974647,2017-08-01,22,Players and electronics,8.0,0,49.19,0.0,0.0,0.0,0.0,0.0,0.0,0.0,0.0,0.0,0.0,0.0,1,1,8,2017
2976429,2017-08-02,22,Players and electronics,11.0,0,49.6,0.0,0.0,0.0,0.0,0.0,0.0,0.0,0.0,0.0,0.0,0.0,2,2,8,2017
2978211,2017-08-03,22,Players and electronics,16.0,0,49.03,0.0,0.0,0.0,0.0,0.0,0.0,0.0,0.0,0.0,0.0,0.0,3,3,8,2017
2979993,2017-08-04,22,Players and electronics,8.0,0,49.57,0.0,0.0,0.0,0.0,0.0,0.0,0.0,0.0,0.0,0.0,0.0,4,4,8,2017
2981775,2017-08-05,22,Players and electronics,6.0,0,49.50333333333333,0.0,0.0,0.0,0.0,1.0,0.0,0.0,0.0,0.0,0.0,0.0,5,5,8,2017
2983557,2017-08-06,22,Players and electronics,5.0,0,49.43666666666667,0.0,0.0,0.0,0.0,0.0,0.0,0.0,0.0,0.0,0.0,0.0,6,6,8,2017
2985339,2017-08-07,22,Players and electronics,7.0,0,49.37,0.0,0.0,0.0,0.0,0.0,0.0,0.0,0.0,0.0,0.0,0.0,7,0,8,2017
2987121,2017-08-08,22,Players and electronics,4.0,0,49.07,0.0,0.0,0.0,0.0,0.0,0.0,0.0,0.0,0.0,0.0,0.0,8,1,8,2017
2988903,2017-08-09,22,Players and electronics,10.0,0,49.59,0.0,0.0,0.0,0.0,0.0,0.0,0.0,0.0,0.0,0.0,0.0,9,2,8,2017
2990685,2017-08-10,22,Players and electronics,3.0,0,48.54,0.0,0.0,0.0,0.0,0.0,0.0,0.0,0.0,1.0,0.0,0.0,10,3,8,2017
2992467,2017-08-11,22,Players and electronics,8.0,0,48.81,0.0,0.0,0.0,0.0,0.0,0.0,0.0,0.0,0.0,0.0,1.0,11,4,8,2017
2994249,2017-08-12,22,Players and electronics,6.0,0,48.403333333333336,0.0,0.0,0.0,0.0,0.0,0.0,0.0,0.0,0.0,0.0,0.0,12,5,8,2017
2996031,2017-08-13,22,Players and electronics,7.0,0,47.99666666666667,0.0,0.0,0.0,0.0,0.0,0.0,0.0,0.0,0.0,0.0,0.0,13,6,8,2017
2997813,2017-08-14,22,Players and electronics,5.0,0,47.59,0.0,0.0,0.0,0.0,0.0,0.0,0.0,0.0,0.0,0.0,0.0,14,0,8,2017
2999595,2017-08-15,22,Players and electronics,4.0,0,47.57,0.0,0.0,0.0,0.0,1.0,0.0,0.0,0.0,0.0,0.0,0.0,15,1,8,2017
